id_venta,id_cliente,producto,categoria,tipo_producto,cantidad,precio_unitario,costo_unitario,margen_unitario,fecha
9d64493e-0376-45aa-96d1-b1adff701362,C0094,Producto C,Hardware,Pago único,9,366.59,236.33,130.25999999999996,2024-12-29
44364a56-1e9e-4595-afa7-b777dc525a29,C0167,Producto E,Software,Pago único,2,472.52,214.39,258.13,2025-02-09
7bd58cec-ed8c-48d1-94ec-07ae24c54bba,C0029,Producto A,Hardware,Pago único,5,322.17,221.35,100.82000000000002,2025-04-23
38ec4630-d481-462f-bcd3-e4e748cacd8f,C0052,Producto C,Consultoría,Pago único,1,91.53,52.12,39.410000000000004,2025-04-22
dd3b896a-1add-4503-b614-95878bcd75fd,C0070,Producto A,Software,Pago único,3,336.7,169.96,166.73999999999998,2025-05-11
614a6c7c-7594-43ad-9d3a-c2641f8e4f46,C0189,Producto D,Consultoría,Suscripción,2,83.86,63.17,20.689999999999998,2025-05-17
72e785c0-1038-44dd-be7f-8b7533b51dd4,C0038,Producto E,Software,Pago único,10,298.64,170.8,127.83999999999997,2025-02-19
5d565638-8726-49d7-9974-68a7a5296f8e,C0010,Producto C,Servicios,Suscripción,6,144.53,72.24,72.29,2025-06-16
00274348-97b4-486e-8ea5-1edf18300a58,C0026,Producto C,Consultoría,Suscripción,4,439.07,347.08,91.99000000000001,2025-04-19
4a02542e-193b-4cf2-b88b-c9ef6d3d0698,C0045,Producto D,Software,Suscripción,6,402.07,227.04,175.03,2024-12-30
ad0a7c74-3c61-4f12-9c9f-f4a7857824a8,C0171,Producto B,Servicios,Suscripción,2,222.14,92.3,129.83999999999997,2025-03-26
fee13699-7ff5-4a5b-a6a2-9235a2a26333,C0120,Producto B,Hardware,Pago único,6,187.34,134.54,52.80000000000001,2025-01-14
f5af2ead-16ee-4ee0-8766-ef67fb2dc5e5,C0058,Producto B,Software,Suscripción,7,197.72,147.45,50.27000000000001,2025-02-08
2217334e-5c7f-4536-876a-f580fa3741a5,C0197,Producto C,Servicios,Pago único,9,199.02,81.81,117.21000000000001,2025-06-04
a6511e0c-e60e-4084-8581-32b519d85008,C0066,Producto B,Servicios,Suscripción,2,318.46,171.42,147.04,2025-03-13
7215ac46-79eb-4c53-8fc2-c781e7e4ca4c,C0080,Producto D,Software,Pago único,10,135.54,56.62,78.91999999999999,2025-01-01
b43f2305-50ae-409e-87a7-cdc2b42563b6,C0111,Producto A,Hardware,Pago único,7,81.49,54.25,27.239999999999995,2025-01-11
bca9b121-e625-4cdc-90b3-bd64e369d537,C0084,Producto E,Servicios,Suscripción,5,278.21,185.5,92.70999999999998,2024-12-31
51788412-fe11-41de-b5fc-0391bd671688,C0083,Producto D,Servicios,Suscripción,4,239.2,185.65,53.54999999999998,2025-04-21
a2341050-325d-45f0-999b-2eec1d46235c,C0173,Producto B,Servicios,Pago único,9,425.18,221.75,203.43,2025-05-09
ea489daa-5888-423d-9028-b118395ba748,C0053,Producto D,Servicios,Pago único,8,248.97,120.87,128.1,2025-04-14
c4c47e55-6d58-4b2f-9d57-e3b1fa467247,C0121,Producto B,Software,Pago único,9,348.73,225.87,122.86000000000001,2025-02-09
43c2db2e-8039-491a-94ad-1656776dd6c5,C0023,Producto B,Servicios,Suscripción,4,116.31,48.67,67.64,2025-05-06
a856f189-7baa-4647-abc1-83262166af1a,C0121,Producto E,Software,Pago único,7,448.76,282.84,165.92000000000002,2025-01-13
dda29471-ee8a-4b79-8000-bc318d880baf,C0183,Producto D,Consultoría,Pago único,4,116.41,78.58,37.83,2025-03-09
070aff58-4823-4815-bc40-5d8607683c7a,C0192,Producto A,Consultoría,Suscripción,3,411.85,279.38,132.47000000000003,2025-02-18
3db97805-f5cc-4fe1-95f4-e63a8b723851,C0118,Producto A,Hardware,Suscripción,8,110.0,64.44,45.56,2025-04-24
a73fb4c8-d49b-418c-a867-0447eba99bc9,C0135,Producto E,Servicios,Pago único,10,416.75,315.4,101.35000000000002,2025-03-10
ab2207a4-99ce-4162-b1b2-3cc55857b66c,C0109,Producto E,Consultoría,Suscripción,8,252.53,176.95,75.58000000000001,2025-06-17
9e94ad41-e011-46fd-8fc5-d5530b1e1815,C0163,Producto C,Consultoría,Suscripción,5,247.94,169.94,78.0,2025-01-15
829d78f2-bc6b-41da-b0da-d78e66d70c39,C0060,Producto C,Servicios,Pago único,9,86.26,39.71,46.550000000000004,2025-04-29
2bbb2085-c4eb-477e-b894-941c9dd7e6f8,C0098,Producto B,Hardware,Suscripción,7,233.42,144.03,89.38999999999999,2025-01-10
3b456f47-692b-49f8-a35b-bc281e0672c5,C0106,Producto A,Hardware,Pago único,7,457.18,289.68,167.5,2025-01-16
eaa8e3db-eba6-41a4-afe3-649234e01d21,C0178,Producto A,Consultoría,Pago único,1,474.23,246.34,227.89000000000001,2025-05-20
ad5bd112-a827-451e-81e7-fc3d33b366a1,C0099,Producto D,Hardware,Pago único,4,172.82,102.7,70.11999999999999,2025-03-24
35d31ff1-4335-481b-a8c4-1c9a58e7d1bb,C0099,Producto C,Consultoría,Suscripción,8,463.79,367.46,96.33000000000004,2025-05-20
8a8e4d60-3334-44a1-b326-6660de879721,C0136,Producto A,Consultoría,Suscripción,2,339.24,154.11,185.13,2025-02-14
74911773-506c-4c49-b6a5-aa4f25e72a1b,C0118,Producto B,Software,Pago único,7,197.31,114.81,82.5,2025-06-15
af4baeb0-9082-4afe-95c1-938a64538892,C0086,Producto D,Servicios,Pago único,5,425.71,250.37,175.33999999999997,2025-06-22
d5476c64-5ef4-4cab-a684-51db808e54d5,C0191,Producto E,Software,Pago único,4,342.56,244.07,98.49000000000001,2025-05-04
75bfc166-cf8d-421a-a1e5-ed77c0948843,C0166,Producto A,Software,Suscripción,4,427.65,277.35,150.29999999999995,2025-03-25
3b23eefa-c9d0-48d0-92f3-fd9bd983e012,C0061,Producto B,Consultoría,Suscripción,10,476.49,279.23,197.26,2025-02-08
227a027d-4ecc-49cf-aeb8-6331b9c6e354,C0065,Producto C,Hardware,Suscripción,3,484.12,214.58,269.53999999999996,2025-03-02
73096eca-acd8-421a-94fe-34c4f29a76b4,C0006,Producto C,Consultoría,Pago único,4,84.2,56.94,27.260000000000005,2025-04-22
1bc3cf6c-f488-4999-b756-5456bf69d976,C0160,Producto B,Software,Pago único,10,412.49,296.37,116.12,2025-04-26
445592e1-d8ab-496f-bc00-53f828bcb5d7,C0144,Producto A,Servicios,Pago único,6,81.03,53.4,27.630000000000003,2025-02-09
eb26be31-8f84-42d3-bab2-e6678ed7738f,C0003,Producto D,Consultoría,Suscripción,7,482.35,315.57,166.78000000000003,2025-01-09
43a6e807-eaae-430c-8522-02c179298160,C0117,Producto B,Consultoría,Suscripción,9,484.46,246.12,238.33999999999997,2025-06-03
0c94f682-34ea-4425-bd18-91515b5396da,C0137,Producto D,Consultoría,Pago único,10,170.78,126.49,44.290000000000006,2025-01-17
ce47dfd9-24d6-4f50-b82c-b8b8405abb12,C0022,Producto C,Consultoría,Suscripción,8,306.43,204.47,101.96000000000001,2025-01-22
b2a41147-a392-49a0-ae8d-44c835b9f7fe,C0086,Producto A,Consultoría,Pago único,3,269.4,146.0,123.39999999999998,2025-02-18
e84d1a9e-39f5-4a92-8951-d567c5740f65,C0066,Producto C,Servicios,Pago único,9,54.57,42.52,12.049999999999997,2025-01-23
b4c6314d-a783-41c6-b4c4-81de1310a46c,C0021,Producto B,Consultoría,Pago único,9,391.17,264.53,126.64000000000004,2025-03-20
af025003-c776-48ae-8725-361294d6e2ff,C0165,Producto D,Consultoría,Suscripción,2,182.41,102.47,79.94,2025-06-20
302ffbf8-885c-45fa-9536-9718bc6264ab,C0062,Producto C,Servicios,Pago único,9,288.91,164.74,124.17000000000002,2024-12-31
84f140a9-4c40-468c-839a-a6cb9f127748,C0190,Producto E,Servicios,Pago único,8,171.91,86.05,85.86,2025-04-06
7da93d4b-19a3-4b1c-a065-354686eac5bb,C0030,Producto B,Servicios,Suscripción,9,477.89,323.08,154.81,2025-05-22
18ea2c4c-ad6f-4565-9c2b-483fb3f6a018,C0049,Producto B,Consultoría,Pago único,10,489.47,298.51,190.96000000000004,2025-05-26
74a868e3-d932-4e19-8b0e-d52283de87bc,C0072,Producto A,Hardware,Pago único,4,212.4,110.64,101.76,2025-04-21
4818fa2d-939a-4804-b996-cb21bf487598,C0181,Producto E,Hardware,Pago único,1,488.43,303.48,184.95,2025-02-03
2e9873c6-a5b0-4173-ab5a-08a603745a23,C0178,Producto B,Consultoría,Suscripción,1,308.33,181.22,127.10999999999999,2025-01-06
0a7bd6a8-abf4-4083-b6e5-b875a9dd2bed,C0112,Producto C,Hardware,Suscripción,5,473.48,279.87,193.61,2025-03-07
409cb0e1-e1e5-4ab1-b812-7951bb03e554,C0016,Producto D,Consultoría,Suscripción,10,333.25,140.45,192.8,2024-12-31
31859efc-2651-41aa-b47f-6ec51580c861,C0038,Producto E,Servicios,Suscripción,4,103.3,72.91,30.39,2025-02-08
bef52c51-27a0-40a9-bff6-788931e5c754,C0155,Producto E,Hardware,Pago único,8,458.83,238.11,220.71999999999997,2025-03-13
07f1d96b-ab76-49a9-8fdc-b9abd3b79ca8,C0150,Producto D,Servicios,Suscripción,10,482.05,211.95,270.1,2025-04-02
9d074986-d8f7-4e78-a518-543636c6c64a,C0195,Producto B,Hardware,Pago único,2,120.68,56.66,64.02000000000001,2025-02-06
319ae2c0-9952-4426-a912-b83dcfed4b4e,C0019,Producto B,Software,Pago único,8,360.22,211.8,148.42000000000002,2025-03-31
292f03a6-a890-4ad7-8e0d-cf53e117e676,C0008,Producto B,Servicios,Pago único,8,82.03,40.47,41.56,2025-03-18
b2747c6c-a844-46e4-b00b-5709de814204,C0067,Producto E,Hardware,Pago único,2,295.05,194.45,100.60000000000002,2025-01-30
d2dcfd3c-f57e-4346-8947-d6ab5bc7d217,C0068,Producto B,Software,Suscripción,3,406.68,259.47,147.20999999999998,2025-02-10
0e9b68dc-c195-4e7a-9311-ce2963b0162f,C0145,Producto C,Consultoría,Suscripción,8,359.91,244.7,115.21000000000004,2025-01-27
12ec0edd-12ea-434e-9f58-0b6d07b3ed33,C0069,Producto E,Consultoría,Pago único,2,319.12,241.18,77.94,2025-06-15
693542e5-38ce-403f-ac43-1b486edda9ee,C0188,Producto C,Servicios,Suscripción,2,153.02,102.48,50.540000000000006,2025-01-01
5b33da9b-357f-4723-976c-daa29a4fd2d0,C0147,Producto E,Software,Pago único,10,68.1,47.84,20.25999999999999,2025-03-25
0b185807-ff4d-4a15-a66c-55ec6c15abae,C0120,Producto E,Consultoría,Pago único,3,498.63,286.39,212.24,2025-04-25
ed3ffb5f-3856-4fe3-907f-33128307e7a9,C0125,Producto A,Consultoría,Pago único,7,199.99,133.6,66.39000000000001,2025-01-31
60b269c0-2519-4b5d-8009-803796bc3180,C0041,Producto C,Consultoría,Pago único,5,348.16,195.03,153.13000000000002,2025-05-26
e1f91746-efe1-4155-9eac-5ee623e3b7b5,C0194,Producto E,Software,Pago único,2,191.53,101.38,90.15,2025-03-04
13054020-77ac-4539-bcf6-27bbbf2effc7,C0197,Producto D,Software,Pago único,7,74.39,45.18,29.21,2025-03-30
820d538e-7cda-495a-b95c-590e00ce3ddf,C0159,Producto D,Consultoría,Suscripción,4,170.18,76.99,93.19000000000001,2025-04-06
70ecb648-13d7-4103-9df6-e13587d7d229,C0073,Producto D,Consultoría,Suscripción,1,487.92,314.0,173.92000000000002,2025-06-05
0f35d74a-5ca8-448d-8ee1-a39a590d577c,C0061,Producto B,Servicios,Suscripción,9,233.6,114.44,119.16,2025-02-28
126ddf18-0c42-4260-a1b1-0577ffa9e1fa,C0029,Producto D,Software,Suscripción,8,469.69,242.71,226.98,2025-04-16
015fbf9f-c25a-4a1e-b5bb-0903ee2ab783,C0180,Producto C,Consultoría,Pago único,8,159.68,99.08,60.60000000000001,2025-01-27
1c827efa-79a9-4943-aab3-57f758a0732a,C0098,Producto B,Hardware,Suscripción,5,397.7,295.0,102.69999999999999,2025-03-03
cef3d660-6abf-4e04-9b5e-c5c4ba78b870,C0087,Producto E,Servicios,Suscripción,5,376.72,276.89,99.83000000000004,2025-01-25
50ebe88f-72ba-4aa5-b6f0-783579647c57,C0148,Producto D,Hardware,Pago único,9,267.95,142.81,125.13999999999999,2025-05-06
be522382-e9ef-4944-b1c5-ce245dc5b409,C0195,Producto E,Consultoría,Pago único,6,441.32,349.66,91.65999999999997,2025-02-27
a366b215-6fca-4935-b3a3-664860cea60d,C0061,Producto E,Consultoría,Suscripción,7,69.64,48.6,21.04,2025-01-05
db58d97a-87b2-4e37-a00f-ab61d8eb9370,C0180,Producto D,Consultoría,Suscripción,8,484.17,218.12,266.05,2025-03-29
d9001a09-476e-472d-9a40-0d7b1afed50a,C0151,Producto C,Software,Pago único,2,286.68,167.07,119.61000000000001,2025-02-19
fc3b02a1-d139-4382-af44-594bd670a254,C0184,Producto B,Consultoría,Suscripción,2,261.27,205.8,55.46999999999997,2025-06-10
1ec3b54d-c16e-4e84-8191-b84e2d11de81,C0086,Producto E,Consultoría,Suscripción,6,433.55,322.45,111.10000000000002,2025-06-04
acc298b4-fee0-4546-ba32-1bc5f812c2dc,C0097,Producto C,Consultoría,Suscripción,10,80.79,52.71,28.080000000000005,2025-03-02
a9654b7e-d8aa-496c-80e5-cba7fa16703f,C0073,Producto B,Software,Pago único,2,392.17,267.29,124.88,2025-05-27
33119539-a26d-401e-94af-6a77764f04bf,C0025,Producto D,Hardware,Pago único,1,70.7,50.79,19.910000000000004,2025-05-08
4e887a98-98e8-458e-b3c2-48e46c7c2ea9,C0075,Producto C,Servicios,Pago único,3,159.89,90.31,69.57999999999998,2025-02-09
a375810a-bf92-4c19-900b-b7a9bef6a9dc,C0174,Producto B,Hardware,Suscripción,2,324.27,179.33,144.93999999999997,2025-06-01
2e595aed-32e6-473d-94e0-0d5f9890ef96,C0174,Producto B,Consultoría,Suscripción,4,257.52,129.17,128.35,2025-02-13
a0b47f5b-2400-448d-81a9-fb2002974cc9,C0065,Producto A,Consultoría,Pago único,9,121.09,69.83,51.260000000000005,2025-01-14
9b81af9f-a073-4be8-a3ec-591d8bf3c387,C0088,Producto E,Servicios,Pago único,5,255.58,133.12,122.46000000000001,2025-01-15
4eb826a8-600f-46de-bafe-7c2d160182a4,C0098,Producto D,Software,Suscripción,7,307.37,193.62,113.75,2025-01-25
22aa8c47-830d-4e73-a409-88afd0a502c3,C0179,Producto C,Software,Pago único,5,53.64,40.02,13.619999999999997,2025-02-20
707b988d-13f1-437d-b44c-2fbaf18afb7d,C0199,Producto A,Consultoría,Pago único,4,323.18,174.82,148.36,2025-06-04
3c4b724d-5b4e-4714-ae0f-d86d733cbf59,C0162,Producto B,Servicios,Suscripción,2,456.53,300.64,155.89,2025-05-10
5cce99e9-86d5-44c8-9fae-7747fee64390,C0079,Producto D,Software,Pago único,3,90.56,46.91,43.650000000000006,2025-01-13
5dc6823e-47ec-4932-be68-d2a09ee20c72,C0191,Producto D,Hardware,Suscripción,3,403.93,303.18,100.75,2025-05-01
92e25ed4-7358-4998-b10f-8c129d2b29ad,C0093,Producto E,Servicios,Suscripción,5,461.32,358.76,102.56,2025-05-21
379f0d58-64fc-41b9-a25d-0c53fb74d996,C0075,Producto C,Software,Pago único,2,113.34,89.15,24.189999999999998,2025-02-12
d150c619-26a7-4947-ae6e-a24951558a6d,C0173,Producto D,Servicios,Suscripción,7,56.26,34.58,21.68,2024-12-26
00be4a0d-9920-4a89-ba7b-eac8d71dda61,C0116,Producto C,Servicios,Pago único,6,98.76,48.74,50.02,2025-02-10
4761a512-9f92-4cc2-91bf-9dac9cca5e03,C0006,Producto E,Servicios,Suscripción,2,335.93,196.76,139.17000000000002,2025-01-30
f8dbac69-4380-421b-a9dc-384038733fbc,C0179,Producto C,Consultoría,Suscripción,3,70.41,29.21,41.199999999999996,2025-06-06
67d2c517-c779-4dfb-8b79-a568b42c674e,C0126,Producto A,Software,Suscripción,9,111.05,64.57,46.480000000000004,2025-03-26
49e51164-e691-4692-afce-5630f555faaf,C0171,Producto E,Consultoría,Suscripción,7,344.71,252.84,91.86999999999998,2025-03-25
34831b79-7b42-4874-8d6a-0c01ba23a8de,C0157,Producto D,Servicios,Suscripción,6,147.77,85.39,62.38000000000001,2025-03-30
424749d4-a790-4617-a717-85498f4dbc25,C0060,Producto C,Software,Pago único,9,455.76,299.86,155.89999999999998,2025-03-20
2cdb1eb7-f577-4e59-a5fb-1477d3fd99c2,C0015,Producto D,Servicios,Suscripción,2,477.05,348.09,128.96000000000004,2025-01-29
3d21385a-da63-4210-b9e5-370244430f3c,C0023,Producto B,Software,Suscripción,6,159.61,71.88,87.73000000000002,2025-02-02
2006b70a-c6cf-4bac-9543-b41d13ed8cbc,C0144,Producto B,Software,Suscripción,10,147.18,110.07,37.110000000000014,2025-06-14
2473aaf0-fd04-4d34-8807-ae328f9c849c,C0084,Producto B,Software,Pago único,3,494.39,304.59,189.8,2025-01-30
e7f1ef6e-7093-44c3-bacd-8a98cb746b94,C0044,Producto A,Software,Suscripción,1,211.21,151.09,60.120000000000005,2025-01-17
f4ab389b-13d8-4cfe-8840-1657ae44ca81,C0150,Producto C,Software,Suscripción,5,73.58,51.26,22.32,2025-01-12
65437aca-47f8-4f60-b1a6-ca7921d38199,C0134,Producto A,Software,Pago único,8,400.11,242.18,157.93,2025-05-31
82ae0e3f-76de-4014-8165-c997cad1b383,C0027,Producto D,Hardware,Suscripción,9,185.73,122.09,63.639999999999986,2025-01-17
93d90695-4413-4db1-a57b-abda7f7747e3,C0007,Producto A,Consultoría,Pago único,7,358.74,213.85,144.89000000000001,2025-03-28
66838829-f11f-4ec9-9a1b-a43a55b8d6bc,C0113,Producto A,Software,Pago único,10,116.75,52.59,64.16,2025-05-12
662616d0-2fb5-4355-be99-3df33e1a4643,C0159,Producto E,Servicios,Pago único,10,288.75,167.9,120.85,2025-05-27
f69fd50b-933f-4c52-8450-ed2225ba48e6,C0154,Producto D,Software,Suscripción,9,374.38,181.95,192.43,2025-03-20
5ac213c3-8446-44cd-abea-6634a30108b3,C0115,Producto B,Consultoría,Pago único,8,229.43,158.73,70.70000000000002,2025-06-14
b2301596-6bf4-48e2-bd7c-bb679140aaec,C0080,Producto D,Servicios,Pago único,6,479.12,323.28,155.84000000000003,2025-01-28
97c4420c-2130-4835-8f78-9034f2f78549,C0121,Producto A,Software,Suscripción,2,244.34,170.51,73.83000000000001,2025-05-08
be60b3d0-7433-4495-87a3-eddf8f2bf917,C0095,Producto B,Software,Pago único,2,234.86,176.01,58.85000000000002,2025-06-01
0699eea6-3a9a-40e8-9f6a-020196759a61,C0192,Producto D,Software,Pago único,10,190.6,84.14,106.46,2025-06-23
15cb298d-96f3-47a0-a937-2d6b4bcf4b3d,C0129,Producto B,Hardware,Pago único,4,431.27,232.91,198.35999999999999,2025-01-01
0706e1ac-c18d-4103-a63a-533be0dc01e5,C0142,Producto C,Software,Pago único,10,151.77,86.76,65.01,2025-02-13
639ea67f-ff9a-4e98-ac6e-9e0eadfec0ec,C0143,Producto E,Software,Pago único,1,131.19,89.35,41.84,2025-01-19
54b23eb0-1574-49dd-923f-12bc3c4ed81f,C0079,Producto C,Servicios,Suscripción,3,441.44,276.57,164.87,2025-01-22
43bd1345-1f77-44ec-8a6a-1f91051f70fe,C0102,Producto A,Hardware,Suscripción,2,385.75,187.5,198.25,2025-02-14
7f604f84-dcdc-427c-9be4-27957f79a069,C0107,Producto D,Servicios,Suscripción,6,190.24,100.78,89.46000000000001,2025-01-05
ccf5f91b-0ccb-4583-b7e8-8b607b6263c5,C0145,Producto E,Software,Suscripción,3,120.83,78.19,42.64,2025-05-06
07097492-30d0-4b9e-9669-c884cf189040,C0172,Producto A,Servicios,Pago único,7,268.55,154.9,113.65,2025-02-16
36480e55-683c-4561-a8cc-af14e4027772,C0069,Producto B,Software,Pago único,7,99.9,67.06,32.84,2025-03-07
a160d15a-5898-4848-b8da-768b0ebf194c,C0151,Producto D,Servicios,Suscripción,4,227.87,145.78,82.09,2025-04-25
45906095-3283-4498-9fcc-bd3d68a05727,C0001,Producto B,Servicios,Suscripción,3,393.87,203.15,190.72,2025-06-23
f5f7824a-9d30-4f1d-9132-7538cec6e96c,C0030,Producto A,Consultoría,Pago único,3,108.13,66.29,41.83999999999999,2025-05-16
75ce63f1-3ade-4807-b74a-b99728a737d3,C0058,Producto E,Servicios,Suscripción,7,437.79,182.52,255.27,2025-06-02
5898fb26-3993-42d6-86f1-e28bf65ee7da,C0004,Producto D,Software,Pago único,10,243.18,136.61,106.57,2025-04-19
9eb25be0-5ac2-4457-bbc7-c5259cbb4909,C0163,Producto D,Servicios,Suscripción,7,59.39,31.47,27.92,2025-06-05
0c4d74e8-1f95-49c2-98af-85de505fbca1,C0158,Producto D,Servicios,Suscripción,7,430.02,213.86,216.15999999999997,2025-03-19
b5b91750-1aac-499b-971a-f340d6c6525b,C0150,Producto D,Software,Pago único,5,385.61,188.42,197.19000000000003,2025-01-17
8a6130ae-9f0b-4d30-9793-2e3aef56fde0,C0199,Producto B,Software,Suscripción,9,279.48,213.07,66.41000000000003,2025-04-16
220151bc-edb6-4d49-a189-fd54bd4bf0d8,C0089,Producto C,Hardware,Suscripción,2,115.9,55.51,60.39000000000001,2025-03-16
3bbd5f03-d175-42b0-8f00-081ed15de5ef,C0154,Producto B,Software,Suscripción,8,258.78,161.87,96.90999999999997,2025-01-17
33a801f1-a025-46b0-a829-fd6e80b68055,C0148,Producto D,Servicios,Pago único,3,247.89,145.65,102.23999999999998,2025-05-29
fbe72773-54bd-4169-836d-288279b2dd7b,C0161,Producto C,Servicios,Suscripción,6,278.3,145.87,132.43,2025-06-08
57e0fe26-1dcf-4a56-a1e1-9e7c72d8d361,C0115,Producto A,Software,Pago único,5,84.53,63.03,21.5,2025-05-26
509e3afe-c108-483e-9c33-f18ea675b7fc,C0023,Producto E,Consultoría,Pago único,10,299.44,214.62,84.82,2025-05-27
21a69907-a084-4e7c-9ab9-ba378c7ee391,C0010,Producto D,Hardware,Pago único,10,264.03,121.54,142.48999999999995,2025-04-19
bbb3e3b2-17d0-4048-b3eb-2b5dbf73c315,C0015,Producto D,Software,Pago único,2,277.05,129.94,147.11,2025-04-28
8e5535da-f512-42b6-a0b7-c1416e32b712,C0063,Producto D,Consultoría,Suscripción,6,217.78,111.76,106.02,2025-03-19
42392309-b242-4c1b-b9a1-900b28f96a35,C0104,Producto C,Software,Pago único,2,198.36,123.62,74.74000000000001,2025-03-01
a8619ee1-43cc-4764-beee-0ab9cb766214,C0098,Producto C,Servicios,Suscripción,6,86.68,57.68,29.000000000000007,2025-03-26
a979c6ce-f11e-468b-be37-a24ae8575a77,C0089,Producto C,Consultoría,Suscripción,10,368.98,160.1,208.88000000000002,2025-02-16
61bcf08d-83aa-466c-8207-40d745e8c927,C0143,Producto D,Servicios,Suscripción,9,92.05,61.51,30.54,2025-06-15
1c3cc5bf-e1db-47b2-a87e-8e1244204ab5,C0130,Producto C,Software,Pago único,5,131.12,63.68,67.44,2025-06-10
9e91114c-8f0e-4c4a-9407-a4e256a2e415,C0196,Producto D,Hardware,Suscripción,3,119.73,62.06,57.67,2025-06-14
f735b780-92ed-41d2-9621-6907fb700c06,C0025,Producto E,Software,Pago único,10,108.97,60.01,48.96,2025-06-10
31a7e817-6457-41c9-88c7-7055a45071e6,C0041,Producto B,Hardware,Pago único,1,234.89,157.5,77.38999999999999,2025-03-13
7a5ca029-d282-4552-a546-ffc7b3f3892b,C0060,Producto D,Servicios,Pago único,4,290.31,152.06,138.25,2025-05-07
3fb2ba87-7222-4c93-a00b-d1405a583c48,C0120,Producto B,Servicios,Pago único,8,396.25,281.83,114.42000000000002,2025-03-10
aaa12de7-e2f2-4590-9e04-761c9e1e413d,C0128,Producto E,Consultoría,Suscripción,4,410.57,186.96,223.60999999999999,2025-06-11
9d4ff414-a6df-4b3f-892c-2cd7334374f7,C0064,Producto A,Consultoría,Pago único,9,470.43,322.04,148.39,2025-01-03
d6f4a8e9-1b7d-47ba-bf16-d02f77108850,C0132,Producto A,Servicios,Suscripción,3,172.76,131.66,41.099999999999994,2025-01-22
8cfedc06-db21-4c93-84de-00a44dee094b,C0037,Producto D,Software,Suscripción,8,448.08,346.0,102.07999999999998,2025-05-26
5ed087ab-b3ca-4e14-ae10-7aa5d3c1a812,C0106,Producto A,Consultoría,Pago único,4,223.77,96.81,126.96000000000001,2025-05-21
442d2562-8249-4cb1-afd4-43e474ba6bf4,C0057,Producto A,Servicios,Suscripción,6,406.12,184.8,221.32,2025-02-05
f9b7ee2b-63a4-4470-89f8-dcde4d2b6082,C0073,Producto D,Hardware,Pago único,8,326.91,249.22,77.69000000000003,2025-02-17
65f84276-0bf9-4084-bc48-c19f147f7f0a,C0004,Producto C,Hardware,Suscripción,9,473.1,304.46,168.64000000000004,2025-06-04
1f5baff7-fca8-4156-9ea0-f9adf4d66ce0,C0108,Producto A,Servicios,Suscripción,5,104.83,51.93,52.9,2025-02-05
f246d324-d914-46b6-9e3f-ee547b7a8ef4,C0163,Producto E,Consultoría,Suscripción,2,426.51,255.88,170.63,2025-01-20
f7bb2588-8b78-435f-a4f6-a2e7df58d3a9,C0137,Producto A,Hardware,Suscripción,5,243.16,157.06,86.1,2025-01-08
b0a195e0-c095-48a2-b335-d968691a1a13,C0061,Producto E,Consultoría,Suscripción,2,285.57,155.42,130.15,2025-05-21
ce1a37d7-321a-43ee-bb12-d86125be8b27,C0134,Producto E,Software,Pago único,8,69.59,38.61,30.980000000000004,2024-12-29
2179fee0-f029-4f2b-b2ab-116a678b3e7b,C0095,Producto C,Software,Pago único,2,205.16,142.21,62.94999999999999,2025-04-19
47cb7f19-56d5-454d-abef-e5e24543834b,C0160,Producto A,Servicios,Suscripción,1,208.53,111.65,96.88,2025-06-05
00f3f5bd-00c4-4cfb-9ff3-1398f81775a1,C0164,Producto B,Consultoría,Pago único,3,415.17,176.55,238.62,2025-06-04
747e57d2-f4b7-4dff-be0a-e5a95d7fc0c7,C0198,Producto D,Software,Pago único,4,69.71,33.45,36.25999999999999,2025-06-15
1fa5e517-fc73-4d8f-b67b-194f4a37c568,C0010,Producto C,Servicios,Pago único,9,263.03,109.06,153.96999999999997,2025-01-03
a76c4333-970c-4d1d-b711-c791026c7b49,C0165,Producto B,Servicios,Pago único,1,439.61,234.21,205.4,2025-06-21
27a7e67b-9c55-4895-a46c-bae60836048f,C0031,Producto C,Consultoría,Pago único,8,452.59,251.03,201.55999999999997,2025-02-12
5e9900ae-e87d-4405-97e1-6164e9751412,C0047,Producto D,Consultoría,Pago único,9,170.02,73.63,96.39000000000001,2024-12-26
e6871493-8ad5-4773-913e-6d884502bc83,C0108,Producto A,Consultoría,Suscripción,9,182.19,80.35,101.84,2025-02-14
4ff61661-489f-4c83-8ad4-a097a5f3c6ad,C0083,Producto C,Servicios,Pago único,10,372.95,174.04,198.91,2025-02-12
6fd467d2-f7d4-4ce8-82ba-011a57ab8a6b,C0113,Producto C,Consultoría,Suscripción,6,326.68,187.51,139.17000000000002,2024-12-30
768ab591-2f7d-437b-90eb-c3683ce74a88,C0163,Producto A,Software,Pago único,6,280.89,196.61,84.27999999999997,2025-01-20
b05b3ba2-209a-4293-86ae-d97c74e27b9b,C0040,Producto A,Hardware,Pago único,1,106.8,52.8,54.0,2025-04-17
1d9215bf-6612-484f-8c4b-9abb3be8721c,C0165,Producto C,Servicios,Pago único,10,64.57,29.79,34.779999999999994,2025-05-18
b148b151-8bbb-4efe-8086-da79ccc831d5,C0115,Producto C,Servicios,Pago único,2,308.26,188.59,119.66999999999999,2025-06-01
c8cdf1a0-f320-4f35-8438-fa8ba29b97dc,C0101,Producto C,Servicios,Suscripción,2,61.66,29.25,32.41,2025-01-28
49034981-aeaa-4f52-a232-7aa9a6c14b27,C0132,Producto D,Software,Pago único,5,366.82,178.21,188.60999999999999,2025-06-22
01ddaeff-200e-4d09-98c6-b4e9bcdde481,C0156,Producto C,Consultoría,Suscripción,2,111.08,47.72,63.36,2025-04-25
dd2568b8-5dcc-4584-89d5-9e133e6a44ee,C0044,Producto D,Software,Pago único,6,369.29,228.96,140.33,2025-03-03
c375136f-6ff5-4b74-96c8-383273a2c4fb,C0074,Producto C,Hardware,Suscripción,6,278.94,125.12,153.82,2025-05-02
e637b500-eae5-4b2e-9fe7-e2b1cfa8dd2b,C0051,Producto B,Hardware,Pago único,1,212.4,133.58,78.82,2025-03-09
73e00a28-299b-4f94-9828-3e047ae3a563,C0119,Producto E,Hardware,Suscripción,2,189.18,151.31,37.870000000000005,2025-04-18
c8c70ab0-67e2-4440-83ed-f63462a72229,C0184,Producto D,Consultoría,Pago único,10,83.19,65.63,17.560000000000002,2025-01-07
12af6d88-49fe-4ceb-93cc-d165a65cad5e,C0164,Producto A,Consultoría,Pago único,9,205.03,154.02,51.00999999999999,2024-12-31
e375c1db-c532-4895-a373-60e7eaca78fd,C0199,Producto E,Hardware,Suscripción,7,276.29,206.47,69.82000000000002,2025-01-07
b7bb3dce-d963-4977-89d6-a13dbcb75674,C0031,Producto E,Hardware,Pago único,3,122.89,95.1,27.790000000000006,2025-05-12
aeefb3f5-8bf3-4426-818a-3753c3b3cc4d,C0057,Producto C,Servicios,Suscripción,5,138.34,108.26,30.08,2025-06-04
d52a9648-bf7d-4506-b98f-cd1f385b96c9,C0070,Producto B,Servicios,Suscripción,9,338.44,215.49,122.94999999999999,2025-04-03
e6851d88-2702-4598-b323-172b249b2ddc,C0148,Producto B,Hardware,Pago único,10,68.54,51.1,17.440000000000005,2025-05-12
4bfde07a-8715-442c-8ab2-911bf46af764,C0020,Producto A,Servicios,Suscripción,10,237.46,155.68,81.78,2025-05-27
f19a9f15-96a2-4fbe-bc1f-2fccbcc7869b,C0127,Producto E,Servicios,Pago único,8,160.2,115.81,44.389999999999986,2025-02-15
c58f95d4-0ab3-4915-8322-159a2031208c,C0103,Producto C,Consultoría,Suscripción,1,121.14,68.6,52.540000000000006,2025-04-22
eab7824f-de75-40dd-991a-268cec6d4cd6,C0118,Producto B,Servicios,Suscripción,6,437.67,230.97,206.70000000000002,2024-12-29
d0edb27a-5e32-4ed9-acda-80ce4bb35209,C0088,Producto D,Hardware,Pago único,9,302.74,159.74,143.0,2025-02-11
97a38f5b-d3d1-4007-80b0-5e4d8ceb6ffd,C0119,Producto A,Servicios,Pago único,4,113.39,47.65,65.74000000000001,2025-03-20
071d14bd-8062-4d18-95bd-458294f67bfa,C0098,Producto E,Consultoría,Suscripción,3,416.07,321.83,94.24000000000001,2025-03-24
c71d28cd-7301-4556-b7e8-1189f0440da7,C0184,Producto C,Hardware,Suscripción,8,498.19,292.3,205.89,2025-03-26
4199d4b5-af4f-4fa9-a8ca-6ef94347e720,C0078,Producto D,Software,Suscripción,7,277.45,218.26,59.19,2025-03-25
3b8eb6c9-83eb-461c-a7bd-d723f7439a65,C0055,Producto E,Servicios,Suscripción,1,176.61,112.86,63.750000000000014,2025-04-23
476f0ba0-6bec-44fc-9b7e-cbbc7b7012f2,C0167,Producto D,Servicios,Suscripción,2,243.92,183.67,60.25,2025-06-15
73c0b118-5189-408c-918c-ddd7d169dcf0,C0186,Producto C,Consultoría,Pago único,1,230.26,144.63,85.63,2025-03-30
f4f3a435-ae58-4ec9-a280-b105f067f730,C0049,Producto C,Servicios,Suscripción,7,276.91,195.43,81.48000000000002,2025-04-27
8404ea61-88ea-48e4-a822-fae488c82d15,C0071,Producto E,Software,Suscripción,2,227.26,163.16,64.1,2025-03-08
7ec17635-5187-4f9c-ab7c-394acd5f1d5c,C0086,Producto E,Servicios,Suscripción,4,321.11,180.0,141.11,2025-06-03
7e7443e8-d705-4fd4-a7c3-859ea43c99a1,C0010,Producto A,Software,Suscripción,6,411.78,250.25,161.52999999999997,2025-05-16
61351b40-13ce-491e-baa5-bf94fc168928,C0038,Producto E,Hardware,Pago único,10,193.34,107.73,85.61,2025-03-21
3f3c34cd-128d-4502-9151-8d287fc67c2b,C0157,Producto C,Servicios,Pago único,10,184.91,134.3,50.609999999999985,2025-02-14
5d16a8ea-02e0-412a-b5fd-72eda17ccab0,C0094,Producto C,Software,Pago único,10,188.46,143.14,45.32000000000002,2025-05-18
4b3b4100-f06d-44e2-945d-6f108ea47ae4,C0176,Producto A,Consultoría,Pago único,10,309.94,213.41,96.53,2025-06-04
3fbe332f-5573-4dde-a5be-b6ecdd468aa1,C0149,Producto D,Hardware,Pago único,3,419.75,208.56,211.19,2025-06-13
ca702fd3-0397-4fbd-a876-991734be7ca3,C0146,Producto A,Hardware,Suscripción,8,191.16,88.04,103.11999999999999,2025-04-05
28dc7567-b524-4277-acd6-e752a15d2889,C0176,Producto B,Consultoría,Pago único,1,367.6,223.31,144.29000000000002,2025-05-04
2868f062-3be5-4f0b-8ae5-f019d7faf0bf,C0143,Producto C,Consultoría,Pago único,6,480.51,280.55,199.95999999999998,2025-03-06
679252f7-0833-48b7-842b-ec2deb39e1bc,C0136,Producto C,Servicios,Pago único,10,267.88,209.73,58.150000000000006,2025-02-04
e10283f8-5f6b-4fd5-9d5d-21cf731417da,C0071,Producto E,Servicios,Suscripción,5,397.03,270.76,126.26999999999998,2025-01-04
4bc48190-a2b2-4e83-8d76-e811fee1ca1c,C0176,Producto D,Servicios,Pago único,6,302.22,233.86,68.36000000000001,2025-02-08
b78ddeca-3cb5-46e8-8d59-56787310ee5a,C0184,Producto C,Servicios,Suscripción,10,354.48,195.63,158.85000000000002,2025-04-05
b5a1e2e9-f00c-42c2-99f4-467caa799add,C0101,Producto C,Hardware,Pago único,1,179.43,123.03,56.400000000000006,2025-02-20
75020d6d-e551-4057-a37d-baac2523d09c,C0088,Producto D,Servicios,Pago único,4,140.93,86.73,54.2,2025-02-27
874ef71a-1bab-4686-b9aa-1b56c2d8dc44,C0143,Producto C,Hardware,Suscripción,10,383.4,190.06,193.33999999999997,2025-06-17
b23e35a7-301f-4e2f-9f64-a9c2baa29532,C0012,Producto E,Hardware,Suscripción,1,95.09,50.6,44.49,2025-03-08
d2db33ad-60bb-4bca-9d05-df400bb651c2,C0120,Producto A,Hardware,Suscripción,9,490.06,226.98,263.08000000000004,2025-04-22
2f6199da-e2a4-47c7-9be9-55d4e7eaaafa,C0167,Producto D,Consultoría,Suscripción,5,194.53,128.07,66.46000000000001,2024-12-31
1aaaf473-18c8-470f-9562-393013ccbd0c,C0196,Producto A,Hardware,Suscripción,3,238.05,174.98,63.07000000000002,2025-01-07
11d99cbd-2aac-46b4-bcfe-19dd04c9a26e,C0009,Producto D,Consultoría,Suscripción,5,444.53,179.46,265.06999999999994,2025-04-02
e4e239b8-67e0-4c90-a68c-9bb93ec02d56,C0145,Producto E,Software,Pago único,5,254.46,167.06,87.4,2025-03-15
a0558cc4-1201-4c65-98d5-654820b58246,C0134,Producto D,Hardware,Pago único,5,136.77,60.87,75.9,2025-05-03
42bd3e8c-0c07-4043-87be-bfa80d10bda2,C0041,Producto D,Servicios,Suscripción,1,381.48,273.26,108.22000000000003,2025-06-14
fc778327-bc8f-4305-8bda-f11ba210dfb6,C0145,Producto B,Hardware,Pago único,7,281.88,122.53,159.35,2025-04-29
933f5643-d153-4378-a43c-1e1bd74d63a5,C0171,Producto A,Hardware,Suscripción,8,195.62,97.66,97.96000000000001,2025-06-02
5f8f71b9-ecad-4cd0-abf9-0bd31eddd540,C0066,Producto D,Hardware,Pago único,5,479.32,249.62,229.7,2024-12-30
d9cdeb72-3617-47d3-bdd8-916fb0823f70,C0185,Producto E,Software,Pago único,6,361.75,153.69,208.06,2025-05-24
e7bb9053-6b3d-4e04-93c1-ba4bd28ca131,C0030,Producto D,Servicios,Suscripción,7,358.73,275.95,82.78000000000003,2025-01-20
f658b3dd-d1b0-47a1-851c-045043435e27,C0180,Producto C,Software,Pago único,6,326.58,159.26,167.32,2025-05-25
812808f0-2635-471a-b208-9cfc3ccfcc82,C0034,Producto D,Hardware,Pago único,10,218.13,148.5,69.63,2025-01-07
3f207a14-923e-454d-bdf6-91f6e2e2a238,C0120,Producto E,Hardware,Suscripción,10,442.91,191.67,251.24000000000004,2025-02-06
74eff412-c323-4a55-ade8-2492ed257610,C0114,Producto E,Servicios,Suscripción,10,100.49,73.51,26.97999999999999,2025-05-02
d505890d-b321-489e-a01f-605bcbedc183,C0129,Producto B,Hardware,Suscripción,6,434.52,250.6,183.92,2025-05-31
b95ef3fd-be29-4669-91f4-104a2bd9ad00,C0174,Producto B,Consultoría,Suscripción,9,250.47,105.76,144.70999999999998,2025-02-14
a37983e0-eb19-4a20-b91c-b3b5b28dc953,C0033,Producto E,Consultoría,Pago único,10,75.98,44.44,31.540000000000006,2025-03-10
45215747-b2f7-495a-98f9-dfe5cae98c01,C0078,Producto A,Consultoría,Pago único,1,385.61,243.45,142.16000000000003,2025-02-13
6cd79941-381e-44c2-a6a8-db2998b3c539,C0011,Producto D,Servicios,Suscripción,9,497.36,384.87,112.49000000000001,2025-05-15
d101236d-e795-4c81-8fe0-17cb160824ab,C0017,Producto D,Software,Pago único,7,130.99,59.49,71.5,2025-02-23
98dec348-1dc1-4038-a7a6-9062a1607ef3,C0164,Producto D,Servicios,Pago único,8,441.33,336.61,104.71999999999997,2025-04-23
50f1162f-7fe0-4c45-a182-8d2d13be386a,C0096,Producto A,Hardware,Pago único,2,130.31,80.13,50.18000000000001,2025-06-07
a51bbbf6-7c9d-48ab-b629-3643d07bced8,C0135,Producto B,Hardware,Suscripción,1,490.32,286.94,203.38,2025-04-30
eddc28a7-e745-48d5-ae9b-2b2ca9a7c009,C0184,Producto E,Consultoría,Pago único,4,161.38,86.9,74.47999999999999,2025-04-11
ddf7b9be-1b7c-42d2-ae98-2e2482a3609c,C0070,Producto B,Software,Suscripción,7,326.72,253.04,73.68000000000004,2025-02-13
451bf479-cde8-4415-bf76-c3b06e0acfe6,C0004,Producto B,Hardware,Suscripción,2,317.27,183.56,133.70999999999998,2025-02-17
e5afe294-4e86-42c1-a2b3-5e56a8f1a8e6,C0172,Producto A,Hardware,Suscripción,7,247.53,152.45,95.08000000000001,2025-03-21
d803d562-25c8-4ac5-a49d-cdf39412d6ff,C0193,Producto A,Hardware,Pago único,4,417.1,288.89,128.21000000000004,2025-03-16
1f859bf8-8675-4a30-9113-0f38962c1783,C0081,Producto E,Servicios,Suscripción,5,444.32,352.91,91.40999999999997,2025-06-25
0ee1d478-5a42-43de-989e-ff007cf4c905,C0133,Producto B,Consultoría,Pago único,5,77.43,60.35,17.080000000000005,2025-01-19
2d1efa3b-749a-49e3-9698-b54a43cc4d01,C0188,Producto B,Consultoría,Pago único,1,487.53,378.63,108.89999999999998,2025-05-02
1d815e85-e1d0-41f4-adbe-909ba4c4f68c,C0171,Producto D,Servicios,Pago único,7,117.15,64.5,52.650000000000006,2025-04-17
8d257a52-5436-4f09-83ac-ed982dd67970,C0193,Producto E,Consultoría,Suscripción,4,185.33,126.59,58.74000000000001,2025-02-14
e6385eb0-de9a-467e-80b3-2d2b4275c373,C0118,Producto A,Consultoría,Pago único,9,288.5,160.22,128.28,2025-02-28
1fb8559a-cdad-4656-af1b-0bf380b2e4c1,C0065,Producto B,Servicios,Suscripción,8,431.21,188.43,242.77999999999997,2025-01-20
8d674794-a5b0-448d-8f00-28c3923bf0c7,C0185,Producto B,Software,Pago único,7,353.15,226.43,126.71999999999997,2025-05-02
ec75e3dc-c61c-4177-b09b-597137702d24,C0018,Producto B,Hardware,Pago único,4,441.26,235.27,205.98999999999998,2025-06-03
d6664109-bd86-498b-872b-c156419be294,C0003,Producto B,Hardware,Suscripción,8,461.5,313.01,148.49,2025-06-11
87ad4d8a-f921-4ae0-9ea2-52892e6d2106,C0180,Producto B,Consultoría,Suscripción,9,194.73,99.94,94.78999999999999,2025-05-17
4ae69752-bd68-4c63-bdf2-e86bc3da93c0,C0119,Producto E,Servicios,Pago único,5,211.84,159.54,52.30000000000001,2025-03-20
a7dc9c71-b315-49e1-acea-d0405606cb54,C0119,Producto A,Consultoría,Pago único,4,216.82,122.63,94.19,2025-04-28
01c0b5ff-2513-4cff-9f71-fcb6b64c8d90,C0144,Producto B,Hardware,Suscripción,5,298.99,189.44,109.55000000000001,2025-06-10
72fa3008-e31f-46f8-b606-2dd2492731c2,C0184,Producto D,Servicios,Suscripción,4,198.44,109.53,88.91,2025-05-07
2e1f2171-0d92-4301-bdea-81460f249a2b,C0062,Producto D,Servicios,Pago único,8,484.93,318.44,166.49,2025-05-21
d8b0619e-94c1-4a9f-ad48-bc1a82bc295b,C0125,Producto D,Hardware,Pago único,3,112.98,69.89,43.09,2025-06-04
9b01867b-96d1-456d-9d44-f486d6e7a061,C0047,Producto E,Software,Suscripción,2,475.33,317.18,158.14999999999998,2025-06-13
c21d5dea-1b7b-4e9c-b218-adf2f5f30f10,C0195,Producto A,Consultoría,Suscripción,4,80.59,37.1,43.49,2025-04-22
9f9eedf3-2d79-42fa-a632-6caab09ae744,C0055,Producto E,Consultoría,Pago único,1,328.03,218.7,109.32999999999998,2025-01-20
8aa8c6e1-db33-454e-9e4b-53c13357e928,C0157,Producto D,Consultoría,Suscripción,1,289.5,163.43,126.07,2025-05-18
37b7d94d-e8cc-4e06-a0f8-3e1a4cdf2c95,C0004,Producto E,Servicios,Pago único,1,276.0,187.44,88.56,2025-03-01
0e06bea3-d40b-4631-9c8f-df6490bf22ef,C0110,Producto B,Software,Suscripción,9,117.0,55.78,61.22,2025-04-19
0d125270-d00b-436b-b572-ecdd30ababb1,C0134,Producto C,Servicios,Pago único,7,85.56,67.06,18.5,2025-05-30
98a99ad4-4b1d-4a10-95e4-799bc1e1827c,C0117,Producto E,Hardware,Suscripción,5,357.82,264.48,93.33999999999997,2025-03-13
a46fe8b7-3620-46e8-a349-e1f6027b5856,C0167,Producto A,Software,Pago único,7,219.73,129.73,90.0,2025-04-10
1d94e3db-ea03-4fb3-b4eb-4a220ac70066,C0163,Producto A,Hardware,Suscripción,8,430.4,283.19,147.20999999999998,2025-01-04
4b11346c-e71d-44b7-93fa-7c6d797c205c,C0084,Producto E,Software,Suscripción,4,145.14,108.46,36.67999999999999,2025-01-12
11eab91c-5628-4e99-9e88-8ec5f40339c6,C0145,Producto D,Servicios,Suscripción,2,357.99,183.34,174.65,2025-05-07
93e91ed9-c6ae-40b8-b84a-aa038d3cdd76,C0139,Producto E,Software,Suscripción,6,57.05,27.55,29.499999999999996,2025-01-18
aa91e76c-35f2-4036-a369-67c8a63ed91f,C0036,Producto D,Software,Pago único,3,303.78,190.37,113.40999999999997,2025-03-09
ba4221be-9d63-4fea-ae81-633677664d33,C0099,Producto E,Servicios,Pago único,3,405.72,274.15,131.57000000000005,2025-01-12
2f0dd709-ef27-410b-98cc-c0f976c9d856,C0020,Producto E,Servicios,Suscripción,2,246.69,181.43,65.25999999999999,2025-04-08
65820168-e2e0-4e81-95af-fc00526a0f8a,C0087,Producto E,Consultoría,Pago único,1,335.36,239.25,96.11000000000001,2025-06-06
6216648a-01e0-4a2a-a1b7-65cac827ca37,C0115,Producto D,Hardware,Pago único,9,473.51,271.2,202.31,2025-06-15
c0512abb-a2de-45fd-a114-70fca44f1411,C0174,Producto E,Consultoría,Suscripción,10,182.92,91.2,91.71999999999998,2025-03-24
95c2247a-ae6c-4b8e-8b10-1a4d9540ef88,C0018,Producto A,Servicios,Suscripción,7,370.25,241.98,128.27,2025-04-21
d0898358-12ae-4496-ab02-7cab6101ad55,C0189,Producto D,Servicios,Pago único,2,91.18,70.86,20.320000000000007,2025-04-18
b311bebb-5989-4b12-8767-44b3987110e2,C0113,Producto C,Servicios,Suscripción,3,89.28,51.1,38.18,2025-05-10
7e6dfe85-1e2e-4430-8b3c-8a4fc4dcb978,C0142,Producto E,Consultoría,Suscripción,1,90.33,56.16,34.17,2025-01-11
4408d1ba-711e-4405-a4df-e23914e71cd4,C0152,Producto E,Servicios,Pago único,1,181.33,100.66,80.67000000000002,2025-03-23
b898034d-ab92-4678-8f82-39326098f371,C0021,Producto E,Hardware,Suscripción,7,126.28,64.1,62.18000000000001,2025-03-11
25d3b682-6208-4bd8-be30-a42fd0d61603,C0068,Producto D,Hardware,Suscripción,3,245.6,139.61,105.98999999999998,2024-12-28
7c1b14a3-4689-444a-a38d-9c83f11efb53,C0123,Producto A,Servicios,Pago único,4,374.4,224.01,150.39,2025-06-18
71c84855-5173-4f32-99b7-eaa22c0c9298,C0157,Producto B,Consultoría,Suscripción,3,187.1,145.85,41.25,2025-06-14
9b05d9a3-e440-466e-baed-c3cc365e93b8,C0085,Producto E,Consultoría,Pago único,8,200.63,145.7,54.93000000000001,2025-05-19
3472c17a-b420-4ed3-8d6f-dbb81e57fe97,C0166,Producto E,Hardware,Pago único,6,321.45,217.98,103.47,2025-02-23
e7bfd623-a316-490f-a3db-573ba054efb8,C0122,Producto C,Hardware,Pago único,6,181.15,122.82,58.33000000000001,2025-03-21
c127b5d2-4447-4b6c-925b-1a804e7d2a5f,C0125,Producto E,Hardware,Pago único,7,176.14,125.83,50.30999999999999,2025-01-11
e08298b4-9b9b-42ef-831d-e00fb208c918,C0093,Producto A,Hardware,Suscripción,9,62.11,42.91,19.200000000000003,2025-01-27
4c0dd794-5292-4b20-9ab8-cdaf75d0127e,C0181,Producto B,Consultoría,Pago único,2,418.53,300.61,117.91999999999996,2025-04-18
f03f1ca7-7387-465c-8754-69e31520338c,C0104,Producto D,Hardware,Pago único,4,163.71,75.58,88.13000000000001,2025-05-26
d7c8db09-5336-4269-b8ee-c6d8c3c6e6ab,C0108,Producto D,Software,Pago único,10,265.66,148.86,116.80000000000001,2025-04-17
c9696858-b5c2-4c9c-86d0-fcba289c7d3f,C0129,Producto D,Software,Pago único,9,317.22,242.91,74.31000000000003,2025-04-05
9461285a-fd8f-46b3-bca1-ea8e32e7e34d,C0027,Producto B,Servicios,Suscripción,10,69.93,55.49,14.440000000000005,2025-03-02
49902b95-641c-420b-a14c-50c9f463f439,C0173,Producto D,Servicios,Pago único,2,54.75,27.57,27.18,2025-05-26
c83e9e0d-b04a-491e-9ed0-d403c86f295d,C0130,Producto E,Hardware,Pago único,6,226.01,160.23,65.78,2025-03-15
a4e20502-4c01-4e6a-a17a-ab2a73236ab1,C0150,Producto E,Hardware,Pago único,1,267.25,138.48,128.77,2025-04-04
2f47fedb-1314-4213-b039-f426022c6bf1,C0021,Producto A,Hardware,Pago único,5,204.38,145.87,58.50999999999999,2025-05-24
ae499474-6410-4c1d-aa1b-fce2bc9ad2d2,C0133,Producto D,Servicios,Pago único,2,247.17,167.76,79.41,2025-04-18
75f5200e-9539-440c-bd1f-21f4fd97b058,C0081,Producto A,Servicios,Suscripción,2,60.16,32.32,27.839999999999996,2025-05-09
6808426c-a87a-4513-89fc-f857ee85f3f4,C0027,Producto B,Hardware,Suscripción,9,122.06,76.16,45.900000000000006,2025-05-20
5731f242-9027-4dae-8a0c-198c5b3ce853,C0118,Producto B,Consultoría,Suscripción,3,338.22,193.75,144.47000000000003,2025-04-17
58590cb6-cb3f-4be2-a5d0-cf7c12be4deb,C0007,Producto E,Hardware,Pago único,10,243.3,97.75,145.55,2025-04-01
621b41a7-2706-4c3a-acb6-cb9b5b389c73,C0054,Producto B,Servicios,Suscripción,10,95.79,71.73,24.060000000000002,2025-04-26
d8f93e49-25c8-440b-8982-b1de7fcabf50,C0047,Producto C,Servicios,Suscripción,8,101.28,67.68,33.599999999999994,2025-06-08
ed5b0795-ae39-488d-bbe7-ec8e17b6f0a9,C0125,Producto E,Servicios,Pago único,10,226.64,101.01,125.62999999999998,2025-03-03
55d203cf-da86-4520-9af8-d1d0b407e996,C0090,Producto D,Hardware,Pago único,10,315.58,211.07,104.50999999999999,2025-03-08
3d6090b8-9a4d-42fc-9213-55451ab82112,C0080,Producto A,Hardware,Pago único,2,132.37,89.66,42.71000000000001,2025-04-25
98e185c0-b001-420f-966f-14f6e9bf7fc1,C0130,Producto D,Consultoría,Suscripción,10,222.67,105.61,117.05999999999999,2025-03-16
5d63feac-0dd4-490a-81e7-77638bd12d79,C0162,Producto E,Hardware,Suscripción,8,179.98,85.46,94.52,2025-01-16
5ffeba2d-b66f-46b2-a1b7-15489851f0d0,C0115,Producto E,Software,Pago único,1,268.07,128.15,139.92,2025-03-28
fe7c5d69-8178-4f6a-a029-9073170429e6,C0098,Producto E,Consultoría,Pago único,8,237.03,174.44,62.59,2025-03-27
7881f1aa-30ec-49c0-9cf0-1e913fe55d23,C0125,Producto B,Software,Suscripción,4,181.44,92.52,88.92,2025-03-18
9797d3b2-5841-4729-9972-579cca1edf1b,C0137,Producto C,Hardware,Pago único,10,384.13,271.34,112.79000000000002,2025-02-17
ed0b3d1c-2d7b-441a-8f48-3a21a1cebf98,C0140,Producto E,Software,Suscripción,5,398.8,290.85,107.94999999999999,2025-06-02
79f5f5d4-8c9a-4896-a5da-063f6cd29620,C0093,Producto E,Software,Pago único,9,148.34,84.56,63.78,2025-01-08
2b4a59ed-2720-421d-84bc-c70357660520,C0188,Producto B,Servicios,Suscripción,8,168.27,125.34,42.93000000000001,2025-01-30
6e2f9f1a-6c85-4644-a3bc-350e3fbbd30a,C0022,Producto D,Software,Suscripción,4,414.82,263.48,151.33999999999997,2025-01-27
da82c25d-5c6e-46ea-9e3b-e6b92cfceed0,C0089,Producto E,Consultoría,Suscripción,10,112.66,54.38,58.279999999999994,2025-03-05
601e4c35-fc00-4849-a2de-8a4cccc3a8d7,C0052,Producto A,Servicios,Pago único,10,292.45,154.84,137.60999999999999,2025-03-31
72f59020-0109-4f95-a760-ef6374ed0798,C0180,Producto C,Servicios,Pago único,9,493.47,331.47,162.0,2025-03-09
96936dbf-ef5d-46c4-98e0-2dcdb968e769,C0024,Producto B,Consultoría,Suscripción,5,440.17,198.41,241.76000000000002,2025-03-13
73ecfe5a-9192-4a45-abca-3d628e53c66d,C0033,Producto B,Hardware,Pago único,4,392.66,263.28,129.38000000000005,2025-03-25
b09871f6-ee1f-4bc9-9b7b-77856318ada2,C0125,Producto B,Servicios,Pago único,7,253.4,165.58,87.82,2024-12-26
8408b447-7275-4855-8d1b-bb8fd186324f,C0196,Producto A,Consultoría,Pago único,6,254.61,151.55,103.06,2025-02-14
cc9da5ba-e245-45b5-847c-823bcf8d6878,C0148,Producto A,Software,Pago único,6,432.55,310.69,121.86000000000001,2025-05-29
6026b619-a6aa-458e-bdb5-c4e2b02fb674,C0101,Producto B,Consultoría,Suscripción,8,170.84,124.94,45.900000000000006,2025-01-07
14166e15-b641-4fb3-8327-dfd8bb5f8b47,C0086,Producto E,Hardware,Pago único,6,452.37,318.88,133.49,2025-02-11
d38cef21-b48c-41e5-89ef-3aa0c2cea8e1,C0011,Producto A,Consultoría,Suscripción,2,468.24,216.89,251.35000000000002,2025-05-08
57cf1f68-db5e-4043-9a85-1c67330be024,C0116,Producto A,Consultoría,Suscripción,3,446.97,232.76,214.21000000000004,2025-01-06
ef22b830-789d-424c-83b2-1ae19fd02ae9,C0070,Producto A,Servicios,Pago único,2,217.33,165.5,51.83000000000001,2025-05-27
45ec4833-c699-4921-af78-bf42c5f458bd,C0042,Producto A,Consultoría,Pago único,4,243.15,106.13,137.02,2025-03-26
36e7a384-9dd6-4c7d-9cb5-3f19f5310bdb,C0024,Producto A,Hardware,Pago único,2,109.71,53.81,55.89999999999999,2025-02-06
0fa932bd-7edf-43b6-8749-02eacd19553b,C0174,Producto D,Software,Suscripción,6,417.7,332.18,85.51999999999998,2025-04-06
4ca90a9a-f611-47ba-b77a-269a51cde150,C0108,Producto B,Consultoría,Suscripción,4,222.38,153.95,68.43,2025-06-13
6a1e41e0-2600-40cc-8e82-3a712a4658a5,C0026,Producto A,Servicios,Pago único,5,111.71,79.25,32.459999999999994,2025-05-23
23a761ef-e81c-492e-a5ff-f96f9e436e33,C0192,Producto B,Hardware,Suscripción,9,303.48,195.48,108.00000000000003,2025-03-12
25f55b04-59ad-4b79-9df0-0787b917591c,C0042,Producto D,Servicios,Suscripción,3,463.95,299.91,164.03999999999996,2025-05-02
21baec0d-b6a3-4a9b-ab7a-898b277ea06d,C0113,Producto B,Software,Suscripción,3,388.6,247.08,141.52,2025-04-01
29ab2941-24ff-47cc-8e38-6c0dc43ed3cd,C0098,Producto C,Consultoría,Pago único,3,161.5,106.24,55.260000000000005,2025-04-28
bfb9f433-c959-49d0-82bc-b0eacd5aaa36,C0063,Producto E,Servicios,Suscripción,5,142.45,91.56,50.889999999999986,2025-03-02
72e097bf-42ec-4c07-89de-a0f169d842ab,C0048,Producto D,Servicios,Suscripción,4,272.7,121.38,151.32,2025-02-07
001cb0ef-0751-4107-80fc-95bfdbcea50a,C0127,Producto E,Software,Suscripción,6,470.27,212.94,257.33,2025-05-12
a2717c85-8d97-4e26-81be-3eebce9e2ec3,C0145,Producto D,Servicios,Suscripción,8,479.5,339.56,139.94,2025-03-21
6efd5782-a80c-47d6-807d-f35f4149945a,C0004,Producto E,Software,Suscripción,5,147.08,113.11,33.97000000000001,2025-01-18
f92f99c4-e597-4ed4-97e2-0a54de1b4534,C0101,Producto E,Servicios,Pago único,7,365.81,158.39,207.42000000000002,2025-02-14
00ca1350-d3c8-49fb-9949-6cf4e31ea6e5,C0137,Producto E,Hardware,Pago único,2,189.46,114.53,74.93,2025-03-18
e493e1c6-5698-4b8c-87c8-3615e16e53cb,C0052,Producto B,Servicios,Pago único,10,335.43,246.14,89.29000000000002,2025-02-27
9c4f28e5-08cc-4b48-a5f6-97f79c09a69e,C0174,Producto A,Servicios,Pago único,4,76.06,33.05,43.010000000000005,2025-02-08
ff32860a-3960-4c0e-89b3-bf38c4183009,C0111,Producto A,Consultoría,Suscripción,5,349.74,231.95,117.79000000000002,2025-01-29
b7ca1901-95b9-4908-b24f-b1bc6a012af9,C0044,Producto A,Software,Suscripción,1,123.72,96.65,27.069999999999993,2025-05-22
44c9190f-6bf1-4b97-926e-fa0ed5f77dbc,C0133,Producto E,Servicios,Suscripción,6,107.12,76.32,30.80000000000001,2025-01-11
6d838ccb-38ee-42e6-bd2d-856fee64cdf8,C0068,Producto A,Software,Pago único,7,172.39,73.36,99.02999999999999,2025-05-05
08c07259-3cdf-4725-a544-f1dfa34db5f2,C0182,Producto E,Software,Pago único,8,279.85,118.15,161.70000000000002,2025-03-22
30597779-72d3-450f-8294-fe6ccbed1243,C0145,Producto B,Servicios,Suscripción,5,398.0,301.57,96.43,2025-03-06
0480cb59-2920-43a6-9e14-5bdb7a195dfb,C0172,Producto A,Hardware,Suscripción,1,436.41,176.71,259.70000000000005,2024-12-27
feeb41ed-476b-4311-95d1-5883afdd51ec,C0011,Producto D,Servicios,Pago único,3,130.53,102.35,28.180000000000007,2025-02-21
59ddb389-d3cc-4487-9959-e3cbacaba92c,C0009,Producto E,Consultoría,Suscripción,6,161.72,123.93,37.78999999999999,2025-05-27
782af874-c3ff-40b5-8dac-5d1b6a3453d2,C0081,Producto C,Software,Pago único,2,275.92,209.91,66.01000000000002,2025-02-13
dce3a023-4f25-44cb-8f38-14a4078c8d82,C0045,Producto B,Software,Pago único,2,444.65,331.89,112.75999999999999,2025-04-17
c9421bba-b2f9-4931-8387-0dff19dfaf6a,C0198,Producto C,Servicios,Suscripción,9,255.54,139.93,115.60999999999999,2025-04-13
66c6767d-a14a-4d87-a820-e7fcca9e63bb,C0074,Producto E,Servicios,Suscripción,8,215.72,170.15,45.56999999999999,2025-06-25
9c8b14f9-6208-4721-8640-c5a8debea6c9,C0197,Producto B,Hardware,Suscripción,1,469.58,192.32,277.26,2025-03-04
9593c251-b1b3-4c6b-a914-b560ac2ecaa5,C0138,Producto C,Software,Pago único,1,391.52,215.54,175.98,2025-03-08
de329df3-5bc9-46eb-92ac-756decdcc33a,C0188,Producto C,Software,Suscripción,9,492.4,279.65,212.75,2024-12-27
a5e92056-7903-46b0-8da8-3e7e4d49547f,C0015,Producto B,Servicios,Suscripción,1,464.57,352.57,112.0,2025-01-08
b98703d5-b69c-43a8-a923-782ab63798dc,C0133,Producto D,Servicios,Pago único,2,311.35,187.49,123.86000000000001,2025-03-26
eb51f1af-c2da-42f4-9a6e-23798ce9dd6c,C0163,Producto D,Software,Suscripción,7,348.1,157.44,190.66000000000003,2025-02-24
c6470385-a689-4be4-b91f-138465df420f,C0074,Producto C,Servicios,Pago único,6,193.13,98.26,94.86999999999999,2025-06-04
e3181532-1995-4a1f-aeda-fbb25857bdf0,C0019,Producto B,Hardware,Suscripción,3,97.55,56.56,40.989999999999995,2025-03-27
0b7e0536-980f-405c-8f9a-a06fbe82ab1f,C0080,Producto D,Software,Pago único,4,253.36,148.3,105.06,2025-04-01
a858383b-5b2b-48c4-89c0-b9a8e585a757,C0030,Producto A,Hardware,Pago único,10,68.15,50.05,18.10000000000001,2025-01-08
951b50d2-b519-4f09-9512-236679ed8816,C0083,Producto B,Software,Suscripción,6,228.31,95.79,132.51999999999998,2025-01-31
465df860-96a3-4a25-862f-2211ce303ad3,C0076,Producto C,Hardware,Suscripción,7,434.57,270.47,164.09999999999997,2025-04-10
b8c3b29a-2ee1-4557-a16f-3e05f99dde51,C0140,Producto B,Software,Pago único,2,411.75,187.72,224.03,2025-03-14
1ae24f3a-dc59-4dce-94c2-b2bee7bfdf53,C0003,Producto A,Hardware,Suscripción,4,420.65,230.89,189.76,2025-05-02
221e87fe-5db9-4bbf-bd24-d74c5dab4ad7,C0161,Producto A,Servicios,Suscripción,1,498.72,238.94,259.78000000000003,2025-06-08
05be6494-7406-4935-88e1-dcbedf8b4bf9,C0165,Producto D,Hardware,Suscripción,6,105.14,81.68,23.459999999999994,2025-03-24
75f659af-04bb-4110-a566-6e6afa1ff37a,C0012,Producto B,Consultoría,Pago único,8,63.27,42.6,20.67,2025-02-13
9f654b77-ed69-423b-8b8b-e64cdfbff7c3,C0044,Producto C,Hardware,Suscripción,5,175.93,132.54,43.390000000000015,2025-02-11
7adf06df-2a6c-4875-97c5-b7a66e51bc52,C0008,Producto E,Hardware,Pago único,8,235.4,146.01,89.39000000000001,2025-05-08
4a59489a-5c75-460b-84d6-a48c66971838,C0015,Producto A,Servicios,Pago único,3,238.66,156.81,81.85,2025-05-19
19708711-bd76-400e-801f-3d08921362f5,C0134,Producto B,Software,Pago único,6,265.86,189.44,76.42000000000002,2025-01-28
a340217a-555e-4a8c-9a65-0b595cf9a407,C0088,Producto E,Servicios,Pago único,5,130.92,69.07,61.849999999999994,2025-02-27
63252f81-815c-4af8-b3be-411f5de50442,C0056,Producto A,Servicios,Suscripción,8,288.24,203.71,84.53,2025-01-12
6ee354bc-0d90-4ca9-8f68-eb2f63231b6d,C0059,Producto B,Software,Suscripción,4,169.94,123.46,46.480000000000004,2025-06-19
5dc68230-67f4-4550-9335-cd7721b1f723,C0188,Producto A,Hardware,Pago único,6,470.84,375.08,95.75999999999999,2025-01-01
e2c02cf1-fe8f-4325-b78f-fc12d1cf7a4a,C0044,Producto B,Hardware,Pago único,6,461.29,189.72,271.57000000000005,2025-01-15
411b7a62-3c7e-4cd6-9f32-794c08c8eec5,C0179,Producto C,Hardware,Suscripción,8,293.96,138.23,155.73,2025-05-04
93a0520d-f424-42c8-86f7-e5eec96645ad,C0009,Producto A,Software,Suscripción,10,148.46,90.65,57.81,2025-01-15
776d8e7d-8987-420b-99c0-f62a228c998d,C0000,Producto C,Hardware,Suscripción,6,372.62,285.99,86.63,2025-03-11
2bd2423a-21db-49b4-bf8c-bf7ace408e75,C0082,Producto A,Software,Suscripción,10,367.11,167.64,199.47000000000003,2025-06-11
232ebfa7-c83e-4115-a226-20de30b0bc9a,C0028,Producto E,Servicios,Suscripción,6,367.04,244.03,123.01000000000002,2025-05-28
137f676e-f341-483e-8a49-03d57d568962,C0150,Producto A,Servicios,Pago único,6,111.4,51.58,59.82000000000001,2025-04-07
7c9b7b44-086d-453e-b7d4-e8faa189d82c,C0111,Producto D,Servicios,Suscripción,9,362.1,279.37,82.73000000000002,2025-01-13
f8aeef79-ce41-4af8-821b-397032b11c89,C0091,Producto B,Hardware,Pago único,5,380.3,196.92,183.38000000000002,2025-01-18
d96638ea-4ee1-4bfc-bb05-be782a2cdcb7,C0045,Producto A,Consultoría,Suscripción,3,321.07,246.72,74.35,2025-03-03
e4fa74fc-e366-48b2-a7bf-9b3087ba3260,C0156,Producto B,Software,Pago único,3,199.03,85.81,113.22,2025-04-09
8bb44b19-b290-440b-8055-aa0aeeea2150,C0088,Producto C,Hardware,Suscripción,6,250.98,127.02,123.96,2025-05-29
72765175-1354-4859-8a78-1c807b1cc357,C0063,Producto A,Servicios,Pago único,2,374.19,156.88,217.31,2025-01-18
fc323fe6-3059-424d-8193-965487bf5de4,C0112,Producto D,Hardware,Pago único,8,446.8,241.49,205.31,2025-06-25
85b35519-b337-42cc-abc2-12c438f5a9b7,C0096,Producto A,Consultoría,Suscripción,3,253.08,182.14,70.94000000000003,2025-01-01
82da6d88-7403-4db6-88ae-3e63f2e591cc,C0008,Producto C,Software,Pago único,5,478.25,205.49,272.76,2025-04-01
47481395-5d41-4369-8bf6-3759021cfb18,C0043,Producto D,Hardware,Suscripción,9,473.83,374.9,98.93,2024-12-29
e54c43f0-0331-4be1-9e84-7f760fabfc2a,C0086,Producto E,Consultoría,Suscripción,7,474.1,220.93,253.17000000000002,2025-02-15
6c4a12d1-d709-4e30-9122-87e42b328548,C0111,Producto B,Software,Suscripción,6,142.5,67.83,74.67,2025-06-10
0fce99f9-6cf5-49c5-81d4-83e1eb315441,C0178,Producto E,Servicios,Pago único,5,156.9,65.88,91.02000000000001,2025-03-28
797965ca-8df7-4ed2-aba2-38535fec5658,C0146,Producto E,Consultoría,Suscripción,1,212.37,121.27,91.10000000000001,2025-04-10
7bf2819c-3078-4bcc-ac0c-2f3800599890,C0075,Producto E,Consultoría,Suscripción,2,61.58,28.84,32.739999999999995,2025-05-23
b03308b1-1438-4106-9365-330eca6e1e02,C0074,Producto A,Consultoría,Suscripción,5,403.19,237.23,165.96,2025-02-20
27fc9899-9ccb-4efb-8381-a9587ada42ad,C0169,Producto C,Software,Pago único,3,216.96,119.89,97.07000000000001,2025-05-23
14cc57d4-03e1-47d2-a6b3-38c3cd4569e8,C0047,Producto D,Software,Pago único,8,259.28,127.18,132.09999999999997,2025-03-01
1b29d422-234a-49ac-b36b-ea98f5a398d1,C0068,Producto E,Software,Suscripción,2,88.57,47.61,40.959999999999994,2025-06-24
395a44b6-7ad2-499a-897d-3712d2bc53ec,C0138,Producto D,Hardware,Suscripción,7,418.28,237.35,180.92999999999998,2025-05-20
14d8fe05-b845-4394-8ea9-de38759da788,C0137,Producto D,Hardware,Pago único,5,85.53,65.1,20.430000000000007,2025-03-16
a9c2c3d4-8ce4-43cc-ae98-b1cebf4f187a,C0182,Producto A,Hardware,Suscripción,8,127.8,101.44,26.36,2025-03-14
365ca887-eba6-4240-a859-52399b890dd2,C0054,Producto B,Hardware,Suscripción,7,85.27,57.41,27.86,2025-05-24
776c1c71-2e96-456b-9c60-e0a6e6b8ce43,C0051,Producto B,Servicios,Pago único,2,89.16,55.51,33.65,2025-03-20
9bce4760-200f-4d25-82c9-9cf75534e818,C0141,Producto C,Servicios,Pago único,1,403.95,262.25,141.7,2025-01-06
2a379834-d3a8-408e-a456-ad674da2164a,C0133,Producto D,Software,Pago único,3,116.69,74.12,42.56999999999999,2025-01-18
1866ad0b-0d0b-483a-9f95-d2717a8a128e,C0194,Producto A,Software,Suscripción,5,440.36,331.17,109.19,2025-03-27
47c9570f-b5bb-4ff0-9351-6b3f489701a5,C0105,Producto C,Consultoría,Pago único,10,324.03,134.47,189.55999999999997,2025-02-15
59d720a5-6da5-48d3-823d-038b3e25392e,C0070,Producto D,Hardware,Pago único,1,228.11,171.44,56.670000000000016,2025-04-20
a7508348-dd47-4d35-9473-e5dc7557d9e9,C0176,Producto B,Software,Pago único,5,453.66,185.14,268.52000000000004,2025-05-11
367a8183-a55d-4fae-912f-7a24dfd4ab01,C0077,Producto C,Servicios,Pago único,2,487.62,239.51,248.11,2025-01-06
6ed066d9-9d64-4c63-bbed-fc0cc5f916ff,C0076,Producto D,Servicios,Pago único,7,322.24,140.4,181.84,2025-06-24
c9794174-1582-4eaf-9afa-b378f189afe6,C0113,Producto B,Consultoría,Pago único,9,440.24,320.67,119.57,2025-03-25
542b56c0-b54a-4b3b-b0ca-3fd34462aba2,C0131,Producto B,Software,Pago único,9,231.52,164.89,66.63000000000002,2025-05-24
c98d0ef8-268e-4e91-a611-a8fe09a61ba1,C0134,Producto E,Software,Suscripción,4,443.83,213.17,230.66,2025-01-31
fb19b31e-aec7-44b4-92c6-0ccaaf7d57af,C0014,Producto B,Software,Pago único,1,463.11,315.77,147.34000000000003,2025-03-02
004a5108-5841-44f3-8655-0bd9be5487c7,C0070,Producto C,Consultoría,Pago único,2,356.53,177.12,179.40999999999997,2025-03-07
f80d6dc4-7db6-4f5e-be51-7bd269d223fc,C0125,Producto E,Consultoría,Suscripción,8,314.1,169.58,144.52,2025-01-11
d66ba388-2085-41a0-b4e9-e31934c5bca5,C0041,Producto C,Software,Pago único,1,223.95,104.17,119.77999999999999,2025-03-28
d1614ce2-1931-4c14-bdaf-d371321eadca,C0146,Producto B,Hardware,Suscripción,4,171.09,96.46,74.63000000000001,2025-06-17
4a34f97b-75fb-4e0d-b3b2-dec07d7f6630,C0005,Producto A,Consultoría,Suscripción,3,320.51,129.29,191.22,2025-05-05
83bed052-e2e5-49f4-ab7c-f999c507d2e5,C0064,Producto E,Servicios,Pago único,7,452.97,335.49,117.48000000000002,2025-03-28
6644081b-cacc-4cdf-a919-43bd3b345828,C0117,Producto C,Hardware,Pago único,5,354.74,258.86,95.88,2025-03-20
c9131ba9-9ef5-4909-96de-540023e01325,C0101,Producto E,Software,Suscripción,9,499.74,393.09,106.65000000000003,2025-06-13
73e32725-db4f-4881-a52e-97b351c9f440,C0095,Producto E,Servicios,Pago único,2,266.78,142.6,124.17999999999998,2025-02-17
fe299ab3-72d2-4f24-b706-b11da78a2b9f,C0070,Producto C,Servicios,Pago único,5,134.76,81.79,52.969999999999985,2025-04-25
74760f76-9392-4c47-af26-22b31aa3f120,C0061,Producto A,Consultoría,Pago único,3,374.58,248.03,126.54999999999998,2025-06-10
78eecbea-a0f1-4022-abd5-4a45b0a728a3,C0075,Producto C,Consultoría,Pago único,7,381.53,241.59,139.93999999999997,2025-05-24
1497dcc1-14bb-4551-b681-e2b69f721226,C0146,Producto B,Servicios,Suscripción,9,337.24,199.07,138.17000000000002,2025-02-18
629345f9-7953-4980-80eb-297477d5484a,C0171,Producto C,Servicios,Suscripción,9,131.51,57.74,73.76999999999998,2025-05-08
ddc6e723-4df5-4b4e-af2f-11eb1b7e11a6,C0032,Producto C,Hardware,Pago único,2,150.01,73.4,76.60999999999999,2025-01-17
8f97de87-1b71-45f6-9a4b-fa15a7fc2416,C0078,Producto D,Servicios,Pago único,5,313.51,183.56,129.95,2025-03-29
624f5b4d-7571-4659-8323-45d05d3523db,C0030,Producto D,Software,Suscripción,8,450.24,270.23,180.01,2025-05-16
325f3906-acd8-4a9b-8b52-a2310a2c4e79,C0174,Producto D,Servicios,Pago único,1,441.88,203.4,238.48,2025-01-14
8f895a63-a4cd-4358-ac5e-601e48a1a6ee,C0051,Producto C,Consultoría,Pago único,3,192.37,132.02,60.349999999999994,2025-02-22
2138230b-8a90-4721-b679-f4f5f702f025,C0199,Producto A,Consultoría,Pago único,3,191.04,80.85,110.19,2025-06-09
6ebd6843-d1fa-4d9b-815b-b938a880097b,C0115,Producto C,Hardware,Suscripción,10,394.02,234.77,159.24999999999997,2025-04-22
71e5dc57-065d-4a41-bef7-315430bbe125,C0195,Producto A,Hardware,Pago único,7,231.53,182.01,49.52000000000001,2025-06-03
b0c35c03-67f3-4a23-be3b-785cca97d98d,C0098,Producto A,Software,Suscripción,6,477.53,361.4,116.13,2025-04-20
818a705f-4c9d-4ed8-8553-d97adc3fa174,C0193,Producto E,Hardware,Suscripción,1,332.01,165.85,166.16,2025-05-06
c28143ac-b8a8-49d5-a4f9-41d072c54632,C0177,Producto C,Servicios,Suscripción,2,222.6,141.46,81.13999999999999,2025-06-03
5253760f-96e7-4592-8fcb-924153ddf609,C0042,Producto A,Software,Pago único,5,255.17,155.17,100.0,2025-05-04
a2c96dd3-8944-4805-b0fa-2a7bc46fa460,C0134,Producto C,Consultoría,Suscripción,6,498.26,297.0,201.26,2025-02-09
5f20e064-650c-4f7f-b300-3f7baea48f47,C0192,Producto B,Hardware,Pago único,1,152.79,105.56,47.22999999999999,2025-02-14
df3c71bd-d8ec-47b1-8581-b791200011be,C0033,Producto B,Software,Suscripción,2,214.97,141.93,73.03999999999999,2025-06-08
8f684b33-db82-439a-8240-c1062b3a3eff,C0009,Producto D,Servicios,Suscripción,10,497.61,330.81,166.8,2025-02-05
d4bb7c0e-c603-4546-aa34-1e393c6b1737,C0167,Producto A,Software,Suscripción,7,249.94,112.33,137.61,2025-02-26
fa2152dc-564b-4c33-ad14-2afdf047f0dd,C0064,Producto D,Hardware,Suscripción,1,185.5,123.3,62.2,2025-01-19
3c4ca34c-f362-48fe-aa6b-2f80cf7f7f0c,C0169,Producto E,Servicios,Suscripción,7,423.79,187.3,236.49,2025-05-27
115cbf62-222c-418d-b11d-44fae9ce14c3,C0184,Producto E,Software,Pago único,2,403.14,241.52,161.61999999999998,2025-06-06
01d15db8-9060-4139-95c3-673cdac3308c,C0155,Producto B,Servicios,Suscripción,6,366.55,189.92,176.63000000000002,2025-03-26
b6fb087c-cf4c-46a7-a447-6fbb317da859,C0010,Producto E,Consultoría,Suscripción,8,198.77,79.73,119.04,2025-01-24
a1b46223-4e6e-4e1d-bc81-e438e58705b3,C0171,Producto A,Software,Pago único,3,477.25,339.71,137.54000000000002,2025-05-28
ac29af26-459b-44b3-b338-6066634b857f,C0019,Producto A,Servicios,Suscripción,8,494.9,256.56,238.33999999999997,2025-04-07
962e2ba7-5c2c-4e2a-a506-31da9c206af4,C0118,Producto A,Software,Suscripción,1,433.51,235.87,197.64,2025-01-11
86ff7c32-f77f-4edf-ba09-2c7b764815f7,C0173,Producto C,Consultoría,Suscripción,2,433.06,327.44,105.62,2025-01-18
9b44319b-b00f-4f00-969b-4448d15b9dca,C0002,Producto B,Hardware,Pago único,6,452.54,353.9,98.64000000000004,2025-05-28
cb08852d-ff24-45eb-8bb9-8f62d33668d5,C0068,Producto A,Servicios,Pago único,3,101.22,56.69,44.53,2025-05-07
2a9acae9-7588-4497-8cad-518a28418838,C0116,Producto C,Consultoría,Pago único,7,341.98,245.8,96.18,2025-02-03
976758d6-a487-457a-8c85-d2ce4ae92d0f,C0028,Producto B,Software,Suscripción,2,237.21,150.94,86.27000000000001,2025-02-03
7c6304a0-744f-442f-ad79-2db35df646aa,C0145,Producto D,Hardware,Pago único,6,325.11,242.22,82.89000000000001,2025-04-06
42c0b80d-2752-4e0b-afe0-b2701d21824e,C0186,Producto B,Consultoría,Pago único,2,449.42,258.99,190.43,2025-03-27
aa022979-f9ec-4f65-bced-bf6cf5617f79,C0016,Producto C,Servicios,Suscripción,9,395.39,249.36,146.02999999999997,2025-05-20
34d45a9e-85e0-4318-9fe1-f9db247d91a0,C0144,Producto B,Servicios,Suscripción,7,347.77,173.69,174.07999999999998,2025-03-02
22e89aee-8302-474b-b783-3edc035fc3f3,C0088,Producto D,Hardware,Suscripción,1,339.53,157.12,182.40999999999997,2025-01-07
a1cf544a-0b5b-4101-89be-f090e232fe64,C0120,Producto D,Hardware,Suscripción,8,194.29,103.43,90.85999999999999,2025-02-20
06f906fa-ea84-49a8-9652-5852cde392aa,C0071,Producto A,Hardware,Pago único,7,417.7,180.25,237.45,2025-03-12
0d53fdae-3502-459c-8f21-338529b06596,C0113,Producto E,Consultoría,Suscripción,8,251.18,112.4,138.78,2025-04-10
d9e221bc-4b53-4ca8-9e9f-3dc806dc4cdd,C0127,Producto A,Software,Pago único,7,66.12,40.97,25.150000000000006,2025-02-10
0f511ca7-bf0d-475d-96f3-3092a4397f5d,C0023,Producto E,Servicios,Suscripción,8,477.66,260.49,217.17000000000002,2025-01-21
1687c1f6-e45a-44c6-81f6-db937a9faaad,C0013,Producto B,Consultoría,Pago único,9,395.34,253.01,142.32999999999998,2025-05-06
a72e12e8-1230-448c-af6d-ca19b437f378,C0183,Producto C,Consultoría,Suscripción,2,391.69,191.42,200.27,2025-01-26
34945020-75c8-45bb-8e17-ac537d344293,C0087,Producto C,Servicios,Pago único,2,70.6,32.88,37.71999999999999,2025-01-16
d52aad63-f418-4eed-8bdb-75d1571e4f6e,C0035,Producto D,Software,Pago único,10,138.16,61.94,76.22,2025-05-01
bb02c263-6204-4bb3-aad2-d658796b122f,C0100,Producto B,Consultoría,Suscripción,6,98.49,55.72,42.769999999999996,2025-01-19
c4ad70f6-c6b2-4347-9f01-b5e34cf691a5,C0162,Producto E,Software,Pago único,8,346.31,270.98,75.32999999999998,2025-04-09
5d046a94-2883-429f-bf65-e1d3c4084394,C0034,Producto D,Software,Suscripción,9,470.89,346.35,124.53999999999996,2025-03-15
8897052d-8e12-4e70-a10c-efd67bd97941,C0123,Producto E,Hardware,Suscripción,3,96.6,64.05,32.55,2025-01-06
6ef4fcdd-6a1f-46b2-b8db-64380b3ff287,C0155,Producto C,Consultoría,Pago único,10,462.16,325.8,136.36,2025-02-09
69632b18-8648-4a52-823b-728dc4e07019,C0070,Producto D,Servicios,Pago único,8,412.16,187.64,224.52000000000004,2025-05-05
86c90178-fca3-4703-b38a-69a349adb7b8,C0154,Producto E,Servicios,Pago único,9,334.66,160.76,173.90000000000003,2025-05-10
b1cfe17c-d32f-4cb1-a5f0-b15d8f4d30b5,C0159,Producto C,Servicios,Suscripción,3,276.75,187.56,89.19,2025-05-15
f2728c52-3125-47bb-993e-a63217249724,C0082,Producto A,Servicios,Pago único,10,306.79,204.59,102.20000000000002,2025-01-30
5b8fb2df-140e-4e3f-8790-67f181d7b036,C0106,Producto E,Servicios,Pago único,1,285.23,116.98,168.25,2025-01-19
fe74285c-980e-497b-834e-2c9ace996f51,C0037,Producto A,Software,Suscripción,5,387.58,179.98,207.6,2025-06-24
dc71c668-2702-46a5-b2b5-a1700611ed87,C0073,Producto C,Hardware,Suscripción,5,141.8,87.42,54.38000000000001,2025-05-19
ff18f5e4-075d-4273-bb51-865bb2c402a7,C0091,Producto D,Software,Suscripción,9,225.0,135.98,89.02000000000001,2025-05-14
5c37bd7d-c483-4690-9265-bd11ec5367a9,C0178,Producto C,Software,Pago único,7,237.45,169.83,67.61999999999998,2025-05-22
1c97fa70-d5c0-462d-93c3-78a70f4adf70,C0175,Producto C,Software,Suscripción,5,141.39,105.69,35.69999999999999,2025-03-01
994ad1b6-1cd0-4f62-ba3d-c129ba01db3e,C0113,Producto B,Servicios,Suscripción,4,182.38,85.9,96.47999999999999,2025-05-16
ecdea9a3-d1b7-4307-9d74-72787b202f1c,C0174,Producto A,Hardware,Suscripción,9,103.71,43.17,60.53999999999999,2025-03-23
24557380-4dd8-4413-85b3-4327828dc5b7,C0071,Producto E,Servicios,Suscripción,3,312.79,157.02,155.77,2025-03-05
399e7fea-120e-4aa8-8754-3f2a35b6c8b1,C0084,Producto D,Hardware,Suscripción,3,467.88,298.86,169.01999999999998,2025-04-30
07be3868-2af6-4c9f-83e5-a2a2116e0ae3,C0198,Producto E,Servicios,Pago único,10,297.57,127.7,169.87,2025-06-23
351fc756-fc78-4745-8698-5e6c03b65d5a,C0181,Producto C,Hardware,Suscripción,9,80.68,48.57,32.11000000000001,2025-03-27
b41cd715-e08b-4231-93db-3d5e1482620c,C0106,Producto E,Consultoría,Suscripción,6,149.54,72.58,76.96,2025-05-09
6fba9b4d-78e0-4c6d-997a-383d998339c2,C0084,Producto C,Servicios,Pago único,4,477.64,309.18,168.45999999999998,2025-05-02
a026125b-d439-44fa-8d1a-c7fabd8489c2,C0121,Producto E,Software,Suscripción,6,250.55,190.87,59.68000000000001,2025-06-16
52212d04-bb8b-4e96-8a4f-6bfec29e1e62,C0157,Producto E,Hardware,Suscripción,6,221.62,159.23,62.390000000000015,2025-06-16
fc24a723-46fa-4642-ae90-9c024615ff1c,C0029,Producto D,Servicios,Pago único,1,460.1,335.34,124.76000000000005,2025-03-29
aa01fbfc-6073-4e1b-ad50-b21c72e2a954,C0095,Producto E,Consultoría,Pago único,1,183.4,121.16,62.24000000000001,2025-02-19
66efd2ec-2df3-4118-b92b-420747a733ae,C0082,Producto E,Software,Suscripción,3,487.23,345.61,141.62,2025-04-11
89189940-c666-4cf0-a63f-59d469e17660,C0136,Producto A,Software,Suscripción,4,439.23,250.22,189.01000000000002,2025-06-20
e93771e3-78cb-40c2-9058-ab8b19bd24f2,C0026,Producto B,Consultoría,Suscripción,3,60.69,41.68,19.009999999999998,2025-06-03
dcd500fc-f0de-4b39-90c4-45176fb55302,C0009,Producto A,Software,Suscripción,3,407.4,253.91,153.48999999999998,2025-04-28
119a3c6e-dd24-4cd9-9436-052c540ca11d,C0147,Producto B,Servicios,Pago único,7,253.01,142.14,110.87,2025-05-04
3679af03-7967-4290-b1c0-17e5061156ae,C0080,Producto A,Consultoría,Suscripción,9,52.65,36.23,16.42,2025-05-16
3ffd9d88-b8fa-4823-8fff-69fc4c78aade,C0016,Producto E,Software,Suscripción,6,467.62,206.9,260.72,2025-03-19
d94a6bb3-5564-420c-88d2-ce22ebf6ea92,C0175,Producto C,Software,Pago único,8,221.64,161.54,60.099999999999994,2025-05-19
ab91c649-43f4-4f69-9e9a-31607d96608d,C0007,Producto D,Hardware,Suscripción,3,386.04,277.45,108.59000000000003,2025-03-21
d333c83d-961d-470d-887b-5870237db813,C0139,Producto C,Hardware,Pago único,6,480.83,194.48,286.35,2024-12-31
44124f01-d23f-4e8d-b3b4-707231e82aa3,C0142,Producto B,Software,Suscripción,1,307.72,171.59,136.13000000000002,2025-05-22
7f0377f8-eb0c-4bd9-bc64-f3dd32dc0c19,C0140,Producto A,Servicios,Suscripción,6,145.28,110.74,34.540000000000006,2025-02-11
fc135ef4-fde8-4e7c-afa0-c6be764b026c,C0131,Producto B,Hardware,Suscripción,4,327.6,164.16,163.44000000000003,2025-03-17
eefffbdc-086d-4e27-a3b8-cfba8f3c42c0,C0029,Producto B,Software,Pago único,9,82.92,55.45,27.47,2025-01-01
c5ca11d7-3296-45aa-8e59-40c113fb9295,C0064,Producto A,Hardware,Pago único,6,210.71,140.86,69.85,2024-12-31
4f8c795c-dcce-449a-be8d-b1b6d261d8d9,C0060,Producto A,Servicios,Suscripción,4,193.0,111.99,81.01,2025-05-27
2475f372-dc05-4808-9c7c-6d45ce4c8bf5,C0157,Producto C,Hardware,Pago único,6,481.4,225.03,256.37,2025-04-09
3d79c456-d416-42a8-a611-76db0e6fdba2,C0080,Producto B,Hardware,Pago único,5,428.05,194.22,233.83,2025-04-16
1ff6cd1c-ca96-4f1a-911b-572c7cd237a2,C0187,Producto C,Consultoría,Pago único,8,211.43,110.41,101.02000000000001,2025-05-21
8ea99961-c7f8-4ebf-8386-254b70895bfb,C0141,Producto A,Hardware,Suscripción,5,436.42,199.01,237.41000000000003,2025-04-02
143423db-b985-459c-b116-44544366faee,C0137,Producto B,Servicios,Suscripción,2,451.45,334.0,117.44999999999999,2025-04-17
41ab2d58-9b85-4017-a163-74401e942809,C0161,Producto A,Consultoría,Suscripción,1,298.22,184.12,114.10000000000002,2025-03-09
36277000-6564-48e4-8108-9bb0e14e864d,C0138,Producto D,Hardware,Pago único,7,150.49,106.68,43.81,2025-03-02
d56b09d4-8b60-48e3-b53e-20de607c2ac9,C0187,Producto C,Hardware,Pago único,9,279.69,156.27,123.41999999999999,2025-03-17
9dc572f0-e774-4342-928c-16df88d312e2,C0128,Producto A,Hardware,Suscripción,9,113.17,52.48,60.690000000000005,2025-02-08
fef25642-9f52-48d9-af72-fd39c1d84403,C0144,Producto E,Hardware,Pago único,6,68.19,48.05,20.14,2025-06-04
6c0a8073-f058-4683-b66b-d745c401db50,C0059,Producto A,Servicios,Pago único,4,69.26,33.43,35.830000000000005,2025-02-15
c83d020d-07ae-4f63-98d6-4856f6191d0a,C0092,Producto D,Consultoría,Pago único,1,67.96,44.81,23.14999999999999,2025-03-07
30f3ca96-fd8e-4ae6-b046-e4abd3101f8c,C0026,Producto E,Servicios,Pago único,10,294.96,138.5,156.45999999999998,2025-05-23
920e2364-5ec5-41b3-9c52-713f5e0a7465,C0167,Producto D,Servicios,Suscripción,9,163.21,128.78,34.43000000000001,2025-05-14
354521de-9c53-479b-8fd3-584e11360131,C0057,Producto E,Consultoría,Pago único,6,269.09,159.53,109.55999999999997,2025-05-10
66def3e7-354f-4b84-b365-882c435d1c94,C0154,Producto A,Hardware,Pago único,3,153.5,92.99,60.510000000000005,2025-06-14
97c958eb-d1c5-48d2-8ed2-dc402ad4f129,C0071,Producto B,Hardware,Suscripción,3,213.0,146.31,66.69,2025-05-10
ce53261c-7c28-4f18-9614-c732ab00a0af,C0030,Producto B,Consultoría,Pago único,2,266.68,157.75,108.93,2024-12-31
b9e7cf41-38bf-407b-8284-3eccc7c7720f,C0053,Producto E,Hardware,Pago único,1,159.65,72.03,87.62,2025-05-08
30818638-b99d-49c3-b439-c3a6f2b9a72f,C0151,Producto B,Hardware,Suscripción,10,116.09,54.16,61.93000000000001,2025-06-20
14f4b969-7f97-4bec-93bc-b8d645a6bd7a,C0046,Producto E,Consultoría,Suscripción,5,476.26,231.77,244.48999999999998,2025-01-17
5ad8f245-34af-433a-bf97-aa44a3ba8e65,C0155,Producto D,Consultoría,Suscripción,4,423.66,271.28,152.38000000000005,2025-02-28
c1f5af72-7311-4763-b8f9-a2c5d8b417fb,C0149,Producto B,Servicios,Suscripción,6,465.06,296.99,168.07,2025-06-01
bc0a2a38-079f-469a-ad76-0a27dc27a854,C0017,Producto B,Consultoría,Pago único,3,98.86,47.55,51.31,2025-05-26
243a8869-ed7c-4536-b9e2-c6f03baec67e,C0129,Producto D,Hardware,Suscripción,3,264.14,170.61,93.52999999999997,2025-01-16
c66eb58f-6cf6-4dee-80ef-3b392bf3ece9,C0009,Producto E,Software,Suscripción,8,346.73,263.79,82.94,2025-05-16
6cc841fe-b180-4f62-8fda-46661d2dd07b,C0138,Producto A,Consultoría,Pago único,6,443.67,301.28,142.39000000000004,2025-01-02
be87a739-aa16-47bb-87fc-71e6356ee06f,C0109,Producto B,Consultoría,Pago único,6,315.07,219.46,95.60999999999999,2025-05-24
43a282fd-301c-4e41-8178-c1d7b5291308,C0194,Producto E,Software,Pago único,3,164.53,116.21,48.32000000000001,2025-04-11
4ce8145e-5056-4684-a666-35d3854e93c8,C0021,Producto C,Consultoría,Pago único,4,52.46,36.59,15.869999999999997,2025-05-24
7da14e9b-cacc-4936-a8d3-af585f388209,C0001,Producto E,Software,Suscripción,7,344.55,232.61,111.94,2025-05-21
eb77ff46-8a31-4495-bdff-fc4cd674a0f8,C0080,Producto D,Servicios,Suscripción,3,241.73,153.29,88.44,2025-05-16
feca1ff4-54c3-404d-aa90-cfac123d9274,C0066,Producto E,Consultoría,Pago único,10,174.0,116.97,57.03,2025-06-06
ee540ac2-2dfa-4c12-997e-fea964503965,C0193,Producto B,Consultoría,Pago único,3,216.6,134.72,81.88,2025-05-08
7b789548-b764-4d01-90b1-33438058ac69,C0064,Producto C,Servicios,Pago único,3,434.75,288.55,146.2,2025-05-18
1adda124-af32-4193-b633-441534fe45c8,C0191,Producto B,Consultoría,Suscripción,2,146.51,82.08,64.42999999999999,2025-05-08
83332f57-3250-4771-84c2-d531854f2b96,C0086,Producto E,Software,Suscripción,7,484.06,194.65,289.40999999999997,2025-01-20
b8433d3a-1af3-4f1f-8a5a-be7a1edd6d2d,C0023,Producto B,Consultoría,Pago único,2,78.84,38.53,40.31,2025-05-20
0ce8f883-e91e-46ff-9fdf-c112657f12ba,C0020,Producto E,Software,Pago único,7,326.28,198.51,127.76999999999998,2025-03-13
0e82dcac-f881-42bd-9e2b-d649ee5e9bd7,C0182,Producto E,Software,Suscripción,8,247.54,118.99,128.55,2025-03-22
91ca5735-18c8-4c83-bb65-760ad3d7888d,C0168,Producto E,Servicios,Suscripción,1,402.78,243.37,159.40999999999997,2025-03-22
e7501eda-6ebd-4f78-8a67-477d5ee1f96c,C0178,Producto B,Hardware,Suscripción,6,157.67,63.09,94.57999999999998,2025-01-19
ef222297-6a6e-45a8-a863-2ef8a3854162,C0040,Producto A,Servicios,Pago único,6,351.35,197.52,153.83,2025-06-03
d90fd022-e751-486b-8e96-d53d72825971,C0051,Producto E,Software,Suscripción,2,297.32,205.29,92.03,2025-06-04
a6166c74-5508-4d41-97b1-df864a6385e8,C0143,Producto E,Servicios,Pago único,5,151.83,119.22,32.610000000000014,2025-03-20
10e78cbe-612a-4d66-86fb-06c637d292ea,C0116,Producto D,Software,Pago único,3,233.21,103.22,129.99,2025-01-12
c76c401d-ec2f-4725-8fea-b76fca478dba,C0018,Producto E,Servicios,Pago único,2,411.32,321.93,89.38999999999999,2025-03-06
b66d5820-de1a-4d3f-8736-3c0c06d42cce,C0137,Producto E,Servicios,Pago único,7,303.43,214.82,88.61000000000001,2025-02-22
c78a86c8-ff5b-4b88-b98f-8732ba9c2b16,C0193,Producto C,Consultoría,Pago único,10,437.91,259.59,178.32000000000005,2025-05-23
a858ca82-3189-45d4-8431-cac5858b0d00,C0066,Producto A,Consultoría,Suscripción,4,410.07,231.68,178.39,2025-06-22
5f1dda08-da23-4ddd-82b8-ec7506b62e73,C0090,Producto E,Software,Pago único,4,179.28,100.32,78.96000000000001,2025-05-10
b92b0a36-497e-42d4-8139-b103139723e6,C0191,Producto C,Software,Suscripción,8,191.24,93.22,98.02000000000001,2025-02-25
9a64aadf-993e-415a-8a5c-0c36605fc16e,C0146,Producto C,Hardware,Suscripción,8,381.7,188.54,193.16,2025-02-17
44279ba6-0658-4aa6-a684-ee8963d81271,C0061,Producto C,Hardware,Suscripción,4,425.72,312.71,113.01000000000005,2025-01-15
5bd344ee-d494-404f-be34-986268474004,C0091,Producto B,Software,Suscripción,2,354.12,235.62,118.5,2025-05-17
560927de-9fe0-499e-ae71-fbbace3692ed,C0157,Producto A,Software,Pago único,6,329.3,196.57,132.73000000000002,2025-01-16
36f87a32-f558-4bc3-b57d-3b97fa149819,C0147,Producto C,Consultoría,Suscripción,9,176.12,86.09,90.03,2025-03-16
30857ceb-aa1a-48e9-9bbb-598208b6e2d2,C0147,Producto B,Software,Pago único,8,472.84,195.29,277.54999999999995,2025-01-26
31f37d0f-a1b0-49df-89e3-f3ec324708c0,C0088,Producto D,Hardware,Pago único,2,364.21,212.71,151.49999999999997,2025-02-17
a10bf09e-40bf-4164-ba6c-e5eab7c73624,C0176,Producto A,Software,Suscripción,7,311.45,165.12,146.32999999999998,2025-05-11
6e8f35c7-fe7e-4df4-b6f5-5d99df64a0df,C0156,Producto C,Hardware,Pago único,4,171.23,134.14,37.09,2025-04-14
c44ed175-2d64-42c7-965f-d90ef8163e77,C0087,Producto C,Hardware,Pago único,7,144.74,98.46,46.280000000000015,2025-05-13
bd04c3d1-c8c9-48ff-a0cf-56d55b697a01,C0095,Producto C,Consultoría,Pago único,8,130.95,59.25,71.69999999999999,2025-04-25
eed3d2c7-4078-4d7b-a308-7a535441094a,C0147,Producto B,Software,Pago único,4,299.9,222.68,77.21999999999997,2025-04-15
248cf76d-4750-4df5-8069-116184025b06,C0050,Producto B,Hardware,Pago único,1,129.47,77.66,51.81,2025-06-22
b44771c8-4f80-4d6b-a178-9659c40947d6,C0161,Producto E,Servicios,Pago único,5,162.94,121.13,41.81,2025-03-15
7bba00a7-0680-4949-92bf-ee2b642f5d34,C0012,Producto D,Software,Suscripción,1,146.96,73.73,73.23,2025-06-10
b3fded24-fe4b-41f3-9a76-2424b0221b95,C0161,Producto A,Consultoría,Pago único,5,212.43,132.59,79.84,2025-02-11
54dcbb02-ec7a-44bb-af3a-410fd75a84ea,C0065,Producto C,Software,Pago único,2,207.99,139.73,68.26000000000002,2025-04-13
edba9e6c-65a5-49f8-bdf1-47499d8d3b92,C0155,Producto B,Hardware,Pago único,6,196.29,118.59,77.69999999999999,2025-04-29
2d3fa573-d652-4827-b529-8f2b919a9976,C0198,Producto D,Software,Pago único,10,178.94,116.79,62.14999999999999,2025-03-27
8b3e3f16-be4f-4df3-a9d0-335b592b4f47,C0037,Producto B,Servicios,Pago único,10,307.24,227.22,80.02000000000001,2025-02-11
bd65a02a-cbdb-4345-aba1-c8dbb54b640f,C0018,Producto A,Hardware,Pago único,4,191.07,126.34,64.72999999999999,2025-04-17
a95aaef7-7a02-45a8-bf6e-927d4197655a,C0181,Producto C,Consultoría,Pago único,8,401.44,311.32,90.12,2025-01-30
8aa85f2c-3d40-47ff-8cf2-a381ab72e672,C0191,Producto E,Consultoría,Pago único,3,132.75,54.33,78.42,2025-04-16
ffc04833-ca1d-40cd-a0f4-9b0f6dffc418,C0186,Producto B,Servicios,Suscripción,4,125.11,55.2,69.91,2025-03-10
414ed76a-7725-4c71-be50-0d9967db5616,C0016,Producto D,Software,Suscripción,7,285.79,228.18,57.610000000000014,2025-04-19
c38765f6-83cb-4d8f-8e6e-66f2d2897023,C0026,Producto C,Hardware,Suscripción,7,189.22,94.41,94.81,2025-05-13
861d5f12-1b34-4d85-acaa-41b773ad67f5,C0072,Producto D,Hardware,Suscripción,9,427.33,175.82,251.51,2025-01-16
d357db17-a810-43e9-9595-f85956fa699c,C0169,Producto C,Servicios,Pago único,8,488.74,301.18,187.56,2025-01-04
361101cf-6b64-4d9f-af4e-e8756d433d94,C0069,Producto E,Consultoría,Suscripción,9,129.67,82.86,46.80999999999999,2025-02-04
0950f861-5ef9-45ee-9fa5-ff7021a067e1,C0161,Producto E,Consultoría,Pago único,6,266.74,130.93,135.81,2025-02-05
0c61aed1-ecca-4e47-9c92-4c4d4c2bb012,C0022,Producto D,Servicios,Pago único,7,166.91,87.03,79.88,2024-12-26
24232135-9988-4920-a24c-f8fc587936a9,C0000,Producto E,Hardware,Pago único,5,261.14,105.32,155.82,2024-12-27
a05709e0-9d01-4887-ae95-66e1fb7976ba,C0125,Producto D,Servicios,Suscripción,7,409.08,261.32,147.76,2025-01-14
ad6c45f5-5c79-4506-9027-105297a7d141,C0001,Producto E,Servicios,Suscripción,7,446.97,256.94,190.03000000000003,2025-06-03
63449f3a-d41e-4505-b1bd-d6228b7b4a23,C0063,Producto B,Consultoría,Pago único,4,168.34,95.77,72.57000000000001,2025-04-30
6bf5c7c0-ea9d-4bb3-bcd0-dfaea296af39,C0061,Producto E,Servicios,Pago único,9,413.96,233.95,180.01,2025-01-15
1db13f34-e25a-4777-a437-ccebc2041ec2,C0017,Producto B,Hardware,Pago único,2,336.6,217.81,118.79000000000002,2025-05-02
726acb87-c6a6-4e14-8b39-5ebd0f3d245d,C0069,Producto E,Consultoría,Suscripción,6,58.73,24.66,34.06999999999999,2025-01-27
cfaf282e-85fd-40f2-bd70-6b6f7f5e5d09,C0136,Producto A,Hardware,Suscripción,5,171.14,117.42,53.719999999999985,2025-06-16
deb50b70-a1e8-4a1d-9a8d-cf6f497a9dff,C0186,Producto A,Hardware,Suscripción,3,56.63,27.57,29.060000000000002,2025-01-19
8e7bb1ff-7199-4975-973f-fd339f85fed5,C0107,Producto C,Consultoría,Pago único,8,363.62,150.06,213.56,2025-05-22
ef7103f3-1be5-4d39-8c2b-5736adadadf5,C0020,Producto B,Software,Pago único,7,82.12,48.29,33.830000000000005,2025-04-22
cb651085-c9f4-4d5a-bf32-6d0ce94597c6,C0049,Producto C,Consultoría,Suscripción,2,488.57,335.1,153.46999999999997,2025-02-11
b894d00c-9791-4b91-9e12-8098bba760a2,C0098,Producto D,Hardware,Suscripción,4,257.38,182.33,75.04999999999998,2025-04-11
5b120cbc-3024-48d8-85d0-745e83e789c1,C0133,Producto B,Consultoría,Pago único,5,471.3,218.42,252.88000000000002,2025-02-06
cc910777-23d9-4d23-ac1d-98c5365e0b7b,C0186,Producto A,Software,Pago único,8,337.33,161.75,175.57999999999998,2025-01-09
ee59f36b-a71d-41ff-88d5-a48d7152b50c,C0013,Producto B,Software,Suscripción,7,196.03,91.54,104.49,2025-02-05
1a202fbf-d5c9-428a-af2a-b59c4d926bc3,C0070,Producto E,Software,Pago único,4,54.02,22.52,31.500000000000004,2025-04-18
32a4692b-8b18-44c3-a1de-b169d874e87a,C0176,Producto D,Hardware,Pago único,2,161.93,97.15,64.78,2025-01-08
ded6d8b4-0dd4-4c74-a952-340ea932f0cb,C0175,Producto E,Servicios,Suscripción,1,209.98,96.92,113.05999999999999,2025-01-03
2be639ff-ad46-4916-93a6-3a91a7cb0ee5,C0137,Producto A,Hardware,Pago único,4,192.53,120.01,72.52,2025-04-08
714ded74-2fd8-4db0-ac96-f2bd1a470ff1,C0165,Producto C,Consultoría,Suscripción,1,360.16,195.66,164.50000000000003,2025-04-14
63244682-adf4-4817-8b78-3fdf97e1d95c,C0034,Producto C,Software,Pago único,8,301.56,186.09,115.47,2025-03-02
72352257-8eea-43a6-a1d5-e92c5d013ebe,C0125,Producto B,Hardware,Pago único,6,379.58,193.64,185.94,2025-03-29
76d5dd88-a0f6-4bb9-aca6-f7b3c9ddab3f,C0153,Producto E,Hardware,Suscripción,9,119.76,62.07,57.690000000000005,2025-04-23
2ed1f234-43fc-498e-b680-f3faaa737f44,C0067,Producto E,Servicios,Pago único,1,399.16,240.45,158.71000000000004,2025-05-27
d4441e24-eea7-45ff-9915-cdcadc0b9eb0,C0187,Producto B,Software,Pago único,10,157.45,108.39,49.05999999999999,2025-01-31
8e4a1867-50f1-4a34-95ab-4a88bda30f51,C0168,Producto E,Consultoría,Suscripción,9,357.45,252.46,104.98999999999998,2025-04-14
b0dc2e6a-463f-4fa5-b4aa-440d33fc3ee6,C0039,Producto E,Servicios,Pago único,7,338.41,150.32,188.09000000000003,2025-03-26
43a31f75-404c-4ba3-94c8-e4b7829a6292,C0133,Producto A,Software,Suscripción,3,443.07,213.04,230.03,2025-02-20
c9b9505d-8272-4414-a475-a2154162c75c,C0124,Producto B,Software,Suscripción,10,338.79,188.18,150.61,2025-04-07
d0983e6f-2eeb-432f-a8aa-277d5f5bd74a,C0125,Producto E,Servicios,Suscripción,6,149.33,102.61,46.72000000000001,2025-01-23
586f05a5-2497-4423-bc61-b24316575f5b,C0003,Producto B,Consultoría,Suscripción,8,410.46,174.15,236.30999999999997,2025-03-08
ae48de07-eda4-472e-a1e5-4edcbeadfc19,C0142,Producto D,Servicios,Suscripción,10,169.62,70.61,99.01,2025-03-26
3877de54-8910-4f9d-992f-7e49005579aa,C0018,Producto C,Software,Suscripción,9,93.7,64.66,29.040000000000006,2025-04-16
88e6126f-00b7-49d0-aab5-9441a8df4362,C0136,Producto D,Hardware,Suscripción,9,345.59,217.03,128.55999999999997,2025-05-03
2679bdef-f54b-4477-a1c4-8a66741fb2bc,C0045,Producto E,Consultoría,Suscripción,10,211.08,123.16,87.92000000000002,2025-06-22
25b7aee6-e9d9-424f-b7c2-385f6288e00e,C0170,Producto D,Software,Suscripción,3,297.48,179.05,118.43,2025-03-11
a3b43fd1-13e1-4dc3-b6ed-f80fb282dd6c,C0168,Producto B,Consultoría,Pago único,6,297.54,237.66,59.880000000000024,2024-12-27
285dcbef-daf8-4865-9c37-def4f2e1f865,C0095,Producto D,Consultoría,Pago único,10,158.33,97.89,60.44000000000001,2025-01-16
5ceb417a-4d43-46a9-87d6-8fcca7c6b38f,C0096,Producto E,Servicios,Pago único,8,251.37,140.47,110.9,2025-03-30
dde70857-9f70-4459-a3d7-9cd8b3dfe53d,C0185,Producto A,Servicios,Suscripción,9,110.79,83.77,27.02000000000001,2025-01-16
ed9bd34f-73db-408b-b593-ddcb5d15ae14,C0001,Producto C,Hardware,Suscripción,6,59.77,43.56,16.21,2025-03-18
244f3e37-b989-4c8e-b43f-ff451be583ad,C0176,Producto C,Hardware,Suscripción,1,257.17,118.93,138.24,2025-05-19
0add2d82-f648-4830-a592-1ab4cc328111,C0067,Producto C,Hardware,Suscripción,5,414.98,181.25,233.73000000000002,2025-02-01
4f59d52d-3a45-4db0-9ea8-75fcbd191fda,C0102,Producto E,Hardware,Suscripción,6,406.81,190.86,215.95,2025-02-19
9635bb34-4a18-4e05-a3ec-e2c84b2bc2f4,C0176,Producto E,Software,Pago único,1,378.86,238.88,139.98000000000002,2025-05-27
05dd06bc-b018-4b07-b275-321204035a8f,C0020,Producto A,Servicios,Pago único,7,237.43,177.39,60.04000000000002,2025-05-28
80cd986d-1457-4594-97b6-a1f99467ec3b,C0197,Producto B,Software,Pago único,1,187.15,77.94,109.21000000000001,2025-05-04
6d39ff0a-d7a2-479b-b09b-672b53caf59d,C0138,Producto E,Hardware,Pago único,9,364.0,167.91,196.09,2025-04-14
f07e81bf-a5db-4123-8795-6b3244078ad4,C0172,Producto D,Consultoría,Suscripción,4,244.37,174.61,69.75999999999999,2025-05-28
d0e47148-f705-4fb4-9887-d7e2fc4a4d54,C0037,Producto B,Servicios,Suscripción,8,307.15,128.92,178.23,2025-03-16
3b193e38-d086-424b-9ebf-c436945bf5e1,C0102,Producto C,Software,Pago único,9,245.52,166.74,78.78,2025-01-13
98a451f3-5600-4fdf-bb4c-5ea3e45c3cb2,C0195,Producto B,Consultoría,Suscripción,8,227.89,143.24,84.64999999999998,2025-01-01
d13c1656-d42c-4928-b6ab-abf7f8bab506,C0143,Producto E,Hardware,Suscripción,2,169.82,97.14,72.67999999999999,2025-06-12
23d9aa39-4120-47b4-ab34-7e83514140be,C0175,Producto E,Software,Suscripción,7,240.59,129.76,110.83000000000001,2025-04-30
dbead541-1cd2-4564-ab90-56266a65d746,C0082,Producto C,Software,Pago único,3,494.44,319.65,174.79000000000002,2024-12-28
48eb11d2-8cb8-4d5b-976b-c04b2e125003,C0113,Producto E,Hardware,Pago único,1,465.9,229.87,236.02999999999997,2025-01-14
816fb8c2-431f-481d-9238-bc631997e9be,C0175,Producto C,Hardware,Suscripción,2,382.81,190.34,192.47,2025-03-24
c541aebe-f9bf-43de-8ea7-e58da367aa07,C0158,Producto B,Servicios,Suscripción,6,362.21,161.01,201.2,2025-04-23
a2c5f2a6-4221-4907-b0d5-16828414e702,C0115,Producto D,Software,Pago único,4,383.01,185.66,197.35,2025-06-24
a82c88f6-ac32-45cf-a73d-7184ba58420c,C0139,Producto E,Servicios,Pago único,10,378.47,172.79,205.68000000000004,2025-05-06
b57fe823-427e-4735-bace-ee59c6748ba9,C0178,Producto A,Consultoría,Suscripción,5,126.64,65.04,61.599999999999994,2025-03-31
e0712af2-d285-498e-b174-6bed90355ebf,C0178,Producto E,Servicios,Suscripción,8,344.64,139.0,205.64,2025-06-11
40446545-455e-428a-8ffb-e66d171cd067,C0099,Producto C,Servicios,Suscripción,1,181.62,136.83,44.78999999999999,2025-05-15
2e6f6bfe-7406-41a1-b55f-9676597243b3,C0098,Producto B,Consultoría,Suscripción,6,268.1,171.27,96.83000000000001,2025-06-16
28e53f9b-5b44-458c-9deb-54894c39944b,C0022,Producto B,Hardware,Pago único,9,466.86,190.76,276.1,2025-04-28
1c68f8fb-2f5c-4a72-94a6-2e301de23126,C0063,Producto E,Servicios,Pago único,8,227.03,105.07,121.96000000000001,2025-03-13
5575f505-8c40-4426-ac3e-801a5907a084,C0088,Producto C,Servicios,Pago único,4,498.2,394.29,103.90999999999997,2025-04-21
30cd26ff-222f-458f-8f91-8bc94c14331b,C0070,Producto A,Servicios,Pago único,1,474.86,370.22,104.63999999999999,2025-05-05
65ef8782-6f40-4bc5-bad5-f7006822640a,C0057,Producto B,Servicios,Pago único,3,89.51,49.49,40.02,2025-01-16
020d034d-7afa-41a9-bf67-81e23f7bdf38,C0173,Producto E,Hardware,Pago único,4,307.8,175.63,132.17000000000002,2025-01-02
96e60ed9-8afc-4479-a783-4c1bacbefc2a,C0079,Producto E,Servicios,Pago único,9,109.3,72.25,37.05,2025-02-15
50212f2a-c0ef-477b-822f-e969953e2f99,C0148,Producto E,Hardware,Suscripción,5,359.84,273.28,86.56,2025-02-09
47146fbe-a6e2-4908-a2c3-a6c8a0b1578e,C0034,Producto D,Hardware,Suscripción,6,80.52,49.37,31.15,2025-02-27
aba6461e-af8d-4855-a828-ff53b16177db,C0184,Producto A,Hardware,Pago único,3,377.19,266.36,110.82999999999998,2025-04-05
bf242ef2-c8c5-4593-a3be-1e1c43724144,C0105,Producto D,Servicios,Pago único,5,118.38,56.25,62.129999999999995,2025-05-27
3d1fd2f3-916f-4b50-a53a-791ef91bba9d,C0033,Producto B,Software,Pago único,10,305.17,150.25,154.92000000000002,2025-01-29
e4445312-9fc6-4de6-b664-a46b6c16495c,C0059,Producto B,Software,Pago único,2,359.66,212.43,147.23000000000002,2025-06-16
9e66be1c-799c-4274-bd74-f4dd1bee9066,C0128,Producto E,Consultoría,Pago único,3,433.46,258.59,174.87,2025-01-25
7add46d6-1bbc-4a5f-a636-57a38cb5d148,C0035,Producto B,Hardware,Suscripción,1,233.87,184.18,49.69,2025-05-11
7e2e5d61-fb3c-429f-bdda-00ec37f117e0,C0069,Producto D,Hardware,Suscripción,4,79.76,61.48,18.28000000000001,2025-06-01
81f5d027-fc80-4397-a344-68d414e9be05,C0112,Producto E,Consultoría,Pago único,8,449.41,256.62,192.79000000000002,2025-02-28
67971790-56f6-4fa2-aa10-08ba21982188,C0198,Producto A,Consultoría,Pago único,7,325.18,226.65,98.53,2025-03-19
a7ae4920-28b6-41a4-b5ce-c8e65c52a307,C0152,Producto E,Software,Suscripción,8,255.61,191.99,63.620000000000005,2025-05-13
b301496f-5486-491d-b03b-e0d8e0049fa8,C0062,Producto E,Consultoría,Suscripción,9,224.33,158.39,65.94000000000003,2025-06-13
f6a67aed-68ea-46eb-96dd-be8c284f465d,C0012,Producto B,Servicios,Pago único,7,447.98,317.83,130.15000000000003,2025-01-24
a4ef96d0-51f5-4627-b213-bfdaccb72797,C0073,Producto D,Hardware,Pago único,5,325.91,137.47,188.44000000000003,2025-06-17
a4da2104-8fd8-4bff-b9a3-f9206552032f,C0132,Producto B,Consultoría,Pago único,2,375.19,167.06,208.13,2025-02-02
3d7486aa-2a34-42b4-8491-0c0d8ca5a00c,C0199,Producto E,Hardware,Pago único,7,195.56,80.17,115.39,2025-06-07
aebafa69-e6d9-4b08-9773-4bd895eb27bf,C0116,Producto E,Hardware,Pago único,2,162.54,109.99,52.55,2025-04-07
a98bcfba-3771-4702-b6bb-a668a44a7ae8,C0182,Producto B,Software,Suscripción,2,367.8,240.4,127.4,2025-03-07
29858284-82d1-4c54-b0e8-779bd591060d,C0021,Producto E,Consultoría,Suscripción,7,297.66,124.29,173.37,2025-06-01
0f6dbff5-0932-4050-b98c-f1c5b091d8f4,C0043,Producto C,Hardware,Suscripción,3,130.49,89.36,41.13000000000001,2025-04-05
fca62a4a-d78d-4b5b-9fea-11f874227cc5,C0107,Producto C,Servicios,Pago único,5,331.9,148.37,183.52999999999997,2025-01-31
c8a1b1e9-f51a-4312-87db-50a541d3ba3e,C0033,Producto B,Software,Pago único,1,256.39,190.28,66.10999999999999,2025-01-18
765eb5d5-12b4-486d-9ccf-88dd053b1efe,C0139,Producto A,Consultoría,Suscripción,4,314.99,185.93,129.06,2025-02-19
5b503c64-5e0c-4caa-b36e-328abf592c92,C0104,Producto D,Software,Suscripción,4,446.98,228.52,218.46,2025-03-24
109af0bf-cc86-421a-a6c4-eac6d12fefc1,C0160,Producto E,Hardware,Suscripción,3,116.72,77.19,39.53,2025-05-04
bf5fb070-73fd-4b23-b225-d76b3eda084a,C0009,Producto B,Software,Pago único,6,464.17,194.77,269.4,2025-03-30
0565e78f-3d5c-4561-a983-f846ff64df3a,C0106,Producto B,Hardware,Pago único,10,347.42,236.22,111.20000000000002,2025-03-08
f7ca8b65-7355-4a34-9cdc-a35f2b05ede2,C0146,Producto E,Hardware,Pago único,10,212.08,87.87,124.21000000000001,2025-03-06
6f0c21de-2c44-413f-b127-1692ab9f8aa7,C0196,Producto C,Servicios,Pago único,7,419.12,294.8,124.32,2025-06-02
c83d1690-b9a6-44bf-a7ff-9dabd919263e,C0140,Producto A,Servicios,Pago único,3,104.91,78.03,26.879999999999995,2025-05-03
77366605-c5ac-4f60-b765-49508baf2b8f,C0084,Producto E,Consultoría,Suscripción,4,325.42,144.4,181.02,2025-01-01
5f4d1f7f-bf91-4363-82b3-a0b6b13dd25b,C0186,Producto E,Software,Pago único,10,470.25,373.62,96.63,2024-12-27
74392cea-d95a-4ce8-8070-a19ded616db2,C0073,Producto D,Servicios,Pago único,9,308.81,200.51,108.30000000000001,2025-01-10
76625228-b52e-416b-a470-92d5eb3e9220,C0033,Producto E,Consultoría,Pago único,8,413.59,311.63,101.95999999999998,2025-02-08
91b497fe-7759-4cbb-ab31-27eabcf7853c,C0059,Producto C,Hardware,Suscripción,2,60.79,39.52,21.269999999999996,2025-03-17
467c36f2-985e-459f-aa4f-818e4c09c306,C0030,Producto B,Consultoría,Pago único,1,200.21,124.96,75.25000000000001,2025-04-28
f3f10a0b-b0b6-48e4-99c0-5d86088b4f16,C0163,Producto B,Software,Suscripción,5,164.49,70.26,94.23,2025-01-26
4b33eb66-102c-4345-b594-19e79b4f6dd0,C0076,Producto E,Servicios,Suscripción,2,358.63,192.42,166.21,2025-05-16
9aaf8353-e96f-4fc7-8d5a-d78e3926b8a1,C0185,Producto E,Software,Suscripción,4,198.73,106.36,92.36999999999999,2025-02-17
eb65def8-da64-41b1-b028-5ad968bb3085,C0172,Producto D,Consultoría,Suscripción,3,266.67,173.57,93.10000000000002,2025-06-12
974b2e4e-510c-41d7-872c-ad419292487d,C0137,Producto C,Consultoría,Pago único,1,425.8,221.3,204.5,2025-05-08
dccb4116-acbb-4921-9e4c-ec300229d8ab,C0185,Producto C,Software,Suscripción,10,358.47,258.03,100.44000000000005,2025-04-02
a67a5770-cef6-4de4-8399-17a606823505,C0090,Producto A,Hardware,Pago único,1,202.62,111.46,91.16000000000001,2025-01-16
f752998d-2390-4a21-9375-b24b85000781,C0136,Producto B,Consultoría,Suscripción,10,102.58,73.13,29.450000000000003,2025-02-13
39c46cc3-3f20-457f-a0d6-a73372f7efe6,C0078,Producto C,Software,Pago único,7,89.06,66.87,22.189999999999998,2025-01-31
bde6fa21-c8d1-4af8-8d55-391149b71e15,C0095,Producto D,Servicios,Suscripción,9,186.04,82.77,103.27,2025-04-26
b3a3fa48-e991-467e-adf0-a58dd03eec10,C0009,Producto B,Software,Pago único,9,61.22,36.31,24.909999999999997,2025-01-25
eb61d567-b588-4ca6-83a7-919cc71911a4,C0128,Producto B,Hardware,Pago único,8,379.6,231.35,148.25000000000003,2025-01-27
e97083ff-0f5b-4908-9109-7b1ad322f6fa,C0198,Producto C,Hardware,Suscripción,9,354.52,160.63,193.89,2025-06-12
955cca47-d001-4676-823f-94386e63eb0c,C0185,Producto A,Consultoría,Pago único,9,102.13,53.56,48.56999999999999,2025-03-25
385c1136-ef5c-403e-89b7-941994572604,C0011,Producto E,Software,Pago único,8,450.13,198.62,251.51,2025-05-04
6453f82b-1895-40fd-9771-120590739eab,C0196,Producto C,Software,Pago único,4,194.4,92.73,101.67,2025-01-16
b1377654-3860-4922-8a1c-27f60356a7fb,C0070,Producto E,Servicios,Pago único,2,172.69,79.96,92.73,2025-04-05
74bf26eb-6d1f-47b5-bf14-2c642d25b76b,C0029,Producto A,Software,Suscripción,9,207.64,109.51,98.12999999999998,2025-02-16
86e2e1b1-ed29-49d4-afe5-f5a1f692bd74,C0036,Producto C,Hardware,Suscripción,2,190.12,143.9,46.22,2025-04-19
cbe404a5-78f5-403e-bae2-87e0c51376d0,C0138,Producto D,Software,Suscripción,1,261.83,175.48,86.35,2025-04-22
47482918-dc11-4488-997e-bcb3c15cb01f,C0027,Producto D,Software,Suscripción,7,226.36,154.35,72.01000000000002,2025-03-16
e83e7385-9299-4fa0-8a0f-2b41e83a5440,C0151,Producto D,Servicios,Pago único,6,417.85,286.29,131.56,2025-04-14
850c9743-039d-4672-a4ef-84bc6bfd1aaa,C0171,Producto E,Software,Pago único,10,109.31,79.27,30.040000000000006,2025-05-23
a0307e59-5745-452b-97ee-775560650df2,C0178,Producto D,Software,Pago único,5,358.02,244.92,113.1,2025-03-08
64f961b9-0613-42bd-8a81-fef70bc7f507,C0119,Producto D,Hardware,Suscripción,3,437.49,282.96,154.53000000000003,2024-12-28
7fc6aea8-f9a6-4c7e-88f3-db2629f73b3e,C0093,Producto D,Hardware,Pago único,6,253.98,104.67,149.31,2025-03-27
24abbd95-8f77-4219-9315-4b2abeafef5a,C0121,Producto A,Servicios,Pago único,8,430.59,220.85,209.73999999999998,2025-01-10
ecede48a-0e06-4d1b-be44-6abe5180b0ec,C0089,Producto E,Hardware,Suscripción,7,417.9,300.35,117.54999999999995,2025-02-13
d6fd4de4-d414-4931-aca3-43d288c44e7d,C0083,Producto E,Software,Pago único,9,257.44,163.79,93.65,2025-05-15
a02d46c8-92f3-40e7-862b-5ba067b44256,C0061,Producto E,Hardware,Suscripción,8,222.72,119.44,103.28,2025-03-07
e19a4299-db0d-45c2-adad-9d648fdc8911,C0177,Producto E,Consultoría,Pago único,10,404.3,249.78,154.52,2025-01-30
5219c59f-9b44-45ed-9c2a-2f06909edb4d,C0060,Producto B,Software,Pago único,2,316.47,185.19,131.28000000000003,2025-04-05
95fd88c7-7b36-42ef-ba6e-31c5659f9999,C0142,Producto A,Consultoría,Suscripción,5,480.15,205.43,274.71999999999997,2025-04-02
b1d89fc4-ec8b-42dc-bb48-e6f599d02822,C0027,Producto E,Consultoría,Pago único,8,340.25,144.47,195.78,2025-04-24
67580340-ff57-4cd4-a818-c38f859b2319,C0055,Producto B,Software,Suscripción,3,253.84,131.13,122.71000000000001,2025-01-06
15e9248c-aa93-41c1-9c91-6ae848a9fa05,C0157,Producto E,Consultoría,Suscripción,4,356.68,187.84,168.84,2025-02-03
b3b04034-1d8d-4e67-8ef9-1baae13c64e5,C0145,Producto C,Consultoría,Pago único,2,312.23,201.26,110.97000000000003,2025-04-03
2685b7a7-0028-41c9-8750-e348bf510378,C0130,Producto D,Hardware,Pago único,1,216.15,133.92,82.23000000000002,2025-04-09
1355c9ed-c6e9-4632-9e3d-e3198a847814,C0013,Producto A,Servicios,Suscripción,5,439.56,217.19,222.37,2025-02-13
c01ec570-9759-4254-9012-f53c1006ab81,C0179,Producto E,Consultoría,Pago único,7,232.71,133.59,99.12,2025-06-12
